timezone,temp,humidity,description
2025-02-19 06:32:21,1.76,25,clear sky
2025-02-19 06:41:51,1.76,25,clear sky
2025-02-19 06:51:39,1.76,25,clear sky
2025-02-19 07:26:10,-0.42,18,clear sky
2025-02-19 07:38:47,0.76,25,clear sky
2025-02-19 07:48:37,0.76,25,clear sky
2025-02-19 07:58:02,0.76,25,clear sky
2025-02-19 08:40:45,0.76,29,clear sky
2025-02-19 08:51:55,0.76,29,clear sky
2025-02-19 09:30:12,-1.24,29,clear sky
2025-02-19 09:41:28,-1.24,29,clear sky
2025-02-19 09:50:49,-1.24,29,clear sky
2025-02-19 10:00:14,-1.24,29,clear sky
2025-02-19 10:39:08,-3.24,39,clear sky
2025-02-19 10:48:48,-3.24,39,clear sky
2025-02-19 10:58:09,-3.24,39,clear sky
2025-02-19 11:24:13,-2.72,29,clear sky
2025-02-19 11:37:18,-3.24,43,clear sky
2025-02-19 11:47:13,-3.24,43,clear sky
2025-02-19 11:56:48,-3.24,43,clear sky
2025-02-19 13:02:50,-4.24,50,clear sky
2025-02-19 13:35:46,-5.24,50,clear sky
2025-02-19 13:45:19,-5.24,50,clear sky
2025-02-19 13:54:49,-5.24,50,clear sky
2025-02-19 14:35:55,-5.24,54,clear sky
2025-02-19 14:45:50,-5.24,54,clear sky
2025-02-19 14:55:23,-5.24,54,clear sky
2025-02-19 15:32:18,-6.24,58,clear sky
2025-02-19 15:42:22,-6.24,58,clear sky
2025-02-19 15:52:25,-6.24,58,clear sky
2025-02-19 16:40:46,-6.24,58,clear sky
2025-02-19 16:52:28,-6.24,58,clear sky
2025-02-19 17:30:46,-8.24,62,clear sky
2025-02-19 17:41:31,-8.24,62,clear sky
2025-02-19 17:51:05,-8.24,62,clear sky
2025-02-19 18:40:33,-8.24,67,clear sky
2025-02-19 18:51:03,-8.24,67,clear sky
2025-02-19 19:19:19,-3.86,41,clear sky
2025-02-19 19:28:47,-9.24,73,clear sky
2025-02-19 19:39:00,-9.24,73,clear sky
2025-02-19 19:48:42,-9.24,73,clear sky
2025-02-19 19:58:11,-9.24,73,clear sky
2025-02-19 20:31:55,-10.24,85,clear sky
2025-02-19 20:42:09,-10.24,85,clear sky
2025-02-19 20:51:44,-10.24,85,clear sky
2025-02-19 21:25:05,-10.24,85,clear sky
2025-02-19 21:37:32,-10.24,85,clear sky
2025-02-19 21:47:22,-10.24,85,clear sky
2025-02-19 21:56:58,-10.24,85,clear sky
2025-02-19 22:31:21,-8.24,73,clear sky
2025-02-19 22:40:54,-8.24,73,clear sky
2025-02-19 22:50:37,-8.24,73,clear sky
2025-02-19 23:00:04,-8.24,73,clear sky
2025-02-19 23:27:59,-7.24,73,clear sky
2025-02-19 23:39:47,-7.24,73,clear sky
2025-02-19 23:49:24,-7.24,73,clear sky
2025-02-19 23:59:11,-7.24,73,clear sky
2025-02-20 02:54:14,-0.24,32,clear sky
2025-02-20 03:38:58,0.76,29,clear sky
2025-02-20 03:48:37,0.76,29,clear sky
2025-02-20 03:58:14,0.76,29,clear sky
2025-02-20 04:37:32,0.76,29,clear sky
2025-02-20 04:47:09,0.76,29,clear sky
2025-02-20 04:56:38,0.76,29,clear sky
2025-02-20 05:33:04,1.76,27,clear sky
2025-02-20 05:42:32,1.76,27,clear sky
2025-02-20 05:52:20,1.76,27,clear sky
2025-02-20 06:41:25,1.76,27,clear sky
2025-02-20 06:50:45,1.76,27,clear sky
2025-02-20 07:00:34,1.76,27,clear sky
2025-02-20 07:27:05,1.76,27,clear sky
2025-02-20 07:38:40,1.76,27,clear sky
2025-02-20 07:48:39,1.76,27,clear sky
2025-02-20 07:58:00,1.76,27,clear sky
2025-02-20 08:40:09,0.76,23,clear sky
2025-02-20 08:50:49,0.76,23,clear sky
2025-02-20 09:00:12,0.76,23,clear sky
2025-02-20 09:31:31,-1.24,29,clear sky
2025-02-20 09:42:11,-1.24,29,clear sky
2025-02-20 09:51:55,-1.24,29,clear sky
2025-02-20 10:38:30,-2.24,34,clear sky
2025-02-20 10:48:34,-2.24,34,clear sky
2025-02-20 10:57:58,-2.24,34,clear sky
2025-02-20 11:24:28,-3.24,36,clear sky
2025-02-20 11:37:27,-3.24,36,clear sky
2025-02-20 11:47:12,-3.24,36,clear sky
2025-02-20 11:56:55,-3.24,36,clear sky
2025-02-20 13:04:43,-4.24,39,clear sky
2025-02-20 13:37:53,-5.24,50,clear sky
2025-02-20 13:47:37,-5.24,50,clear sky
2025-02-20 13:57:14,-5.24,50,clear sky
2025-02-20 14:37:16,-5.24,54,clear sky
2025-02-20 14:46:46,-5.24,54,clear sky
2025-02-20 14:56:27,-5.24,54,clear sky
2025-02-20 15:34:12,-6.24,58,clear sky
2025-02-20 15:44:26,-6.24,58,clear sky
2025-02-20 15:54:41,-6.24,58,clear sky
2025-02-20 16:44:08,-7.24,63,clear sky
2025-02-20 16:55:16,-7.24,63,clear sky
2025-02-20 17:28:59,-6.24,63,clear sky
2025-02-20 17:41:16,-6.24,63,clear sky
2025-02-20 17:50:45,-6.24,63,clear sky
2025-02-20 18:00:19,-6.24,63,clear sky
2025-02-20 18:44:20,-7.24,63,clear sky
2025-02-20 18:53:54,-7.24,63,clear sky
2025-02-20 19:21:29,-4.01,42,clear sky
2025-02-20 19:36:15,-9.24,62,clear sky
2025-02-20 19:45:53,-9.24,62,clear sky
2025-02-20 19:55:19,-9.24,62,clear sky
2025-02-20 21:26:00,-10.24,79,clear sky
2025-02-20 21:37:30,-10.24,79,clear sky
2025-02-20 21:47:07,-10.24,79,clear sky
2025-02-20 21:56:38,-10.24,79,clear sky
2025-02-20 22:33:30,-10.24,85,clear sky
2025-02-20 22:43:01,-10.24,85,clear sky
2025-02-20 22:52:50,-10.24,85,clear sky
2025-02-20 23:27:55,-7.24,73,clear sky
2025-02-20 23:39:44,-7.24,73,clear sky
2025-02-20 23:49:41,-7.24,73,clear sky
2025-02-20 23:59:02,-7.24,73,clear sky
2025-02-21 02:55:11,-0.24,32,clear sky
2025-02-21 03:38:00,0.76,32,clear sky
2025-02-21 03:47:22,0.76,32,clear sky
2025-02-21 03:56:54,0.76,32,clear sky
2025-02-21 04:41:47,0.76,32,clear sky
2025-02-21 04:51:23,0.76,32,clear sky
2025-02-21 05:31:55,0.76,32,clear sky
2025-02-21 05:41:50,0.76,32,clear sky
2025-02-21 05:51:32,0.76,32,clear sky
2025-02-21 06:41:22,0.76,37,clear sky
2025-02-21 06:51:01,0.76,37,clear sky
2025-02-21 07:25:42,0.76,40,clear sky
2025-02-21 07:37:19,0.76,40,clear sky
2025-02-21 07:46:52,0.76,40,clear sky
2025-02-21 07:56:15,0.76,40,clear sky
2025-02-21 08:38:11,1.76,30,clear sky
2025-02-21 08:49:16,1.76,30,clear sky
2025-02-21 08:58:50,1.76,30,clear sky
2025-02-21 09:30:48,-0.24,27,clear sky
2025-02-21 09:40:58,-0.24,27,clear sky
2025-02-21 09:50:42,-0.24,27,clear sky
2025-02-21 10:00:21,-0.24,27,clear sky
2025-02-21 10:38:04,-2.24,37,clear sky
2025-02-21 10:47:40,-2.24,37,clear sky
2025-02-21 10:57:21,-2.24,37,clear sky
2025-02-21 11:25:53,-2.15,33,clear sky
2025-02-21 11:37:24,-2.24,40,clear sky
2025-02-21 11:47:22,-2.24,40,clear sky
2025-02-21 11:56:45,-2.24,40,clear sky
2025-02-21 13:03:40,-3.24,46,clear sky
2025-02-21 13:31:56,-4.24,50,clear sky
2025-02-21 13:41:32,-4.24,50,clear sky
2025-02-21 13:50:52,-4.24,50,clear sky
2025-02-21 14:31:09,-4.24,50,clear sky
2025-02-21 14:42:42,-4.24,50,clear sky
2025-02-21 14:52:40,-4.24,50,clear sky
2025-02-21 15:30:36,-4.24,54,clear sky
2025-02-21 15:41:48,-4.24,54,clear sky
2025-02-21 15:51:20,-4.24,54,clear sky
2025-02-21 16:39:08,-5.24,58,clear sky
2025-02-21 16:49:17,-5.24,58,clear sky
2025-02-21 16:58:56,-5.24,58,clear sky
2025-02-21 17:28:18,-5.24,63,clear sky
2025-02-21 17:39:16,-5.24,63,clear sky
2025-02-21 17:48:57,-5.24,63,clear sky
2025-02-21 17:58:31,-5.24,63,clear sky
2025-02-21 18:41:53,-6.24,73,clear sky
2025-02-21 18:51:19,-6.24,73,clear sky
2025-02-21 19:19:54,-4,38,clear sky
2025-02-21 19:29:29,-7.24,73,clear sky
2025-02-21 19:38:47,-7.24,73,clear sky
2025-02-21 19:48:15,-7.24,73,clear sky
2025-02-21 19:58:05,-7.24,73,clear sky
2025-02-21 20:30:52,-8.24,86,clear sky
2025-02-21 20:42:16,-8.24,86,clear sky
2025-02-21 20:52:10,-8.24,86,clear sky
2025-02-21 21:22:35,-7.24,73,clear sky
2025-02-21 21:35:38,-7.24,73,clear sky
2025-02-21 21:45:19,-7.24,73,clear sky
2025-02-21 21:54:44,-7.24,73,clear sky
2025-02-21 22:32:35,-7.24,79,clear sky
2025-02-21 22:41:59,-7.24,79,clear sky
2025-02-21 22:52:03,-7.24,79,clear sky
2025-02-21 23:26:57,-6.24,73,clear sky
2025-02-21 23:38:57,-6.24,73,clear sky
2025-02-21 23:48:27,-6.24,73,clear sky
2025-02-21 23:57:55,-6.24,73,clear sky
2025-02-22 02:39:22,-0.24,34,clear sky
2025-02-22 03:31:01,0.76,34,clear sky
2025-02-22 03:42:16,0.76,34,clear sky
2025-02-22 03:52:01,0.76,34,clear sky
2025-02-22 04:38:08,1.76,32,clear sky
2025-02-22 04:47:46,1.76,32,clear sky
2025-02-22 04:57:31,1.76,32,clear sky
2025-02-22 05:31:17,0.76,34,clear sky
2025-02-22 05:40:50,0.76,34,clear sky
2025-02-22 05:50:16,0.76,34,clear sky
2025-02-22 05:59:37,0.76,34,clear sky
2025-02-22 06:44:47,0.76,37,clear sky
2025-02-22 06:54:06,0.76,37,clear sky
2025-02-22 07:23:08,0.76,37,clear sky
2025-02-22 07:35:51,0.76,37,clear sky
2025-02-22 07:45:34,0.76,37,clear sky
2025-02-22 07:54:59,0.76,37,clear sky
2025-02-22 08:33:05,0.76,37,clear sky
2025-02-22 08:44:29,0.76,37,clear sky
2025-02-22 08:53:52,0.76,37,clear sky
2025-02-22 09:27:13,-0.49,28,clear sky
2025-02-22 09:37:31,-1.24,47,clear sky
2025-02-22 09:47:11,-1.24,47,clear sky
2025-02-22 09:56:40,-1.24,47,clear sky
2025-02-22 10:38:32,-1.24,51,clear sky
2025-02-22 10:47:48,-1.24,51,clear sky
2025-02-22 10:57:22,-1.24,51,clear sky
2025-02-22 11:20:35,-2.26,34,clear sky
2025-02-22 11:30:11,-2.24,37,clear sky
2025-02-22 11:39:34,-2.24,37,clear sky
2025-02-22 11:49:09,-2.24,37,clear sky
2025-02-22 11:58:57,-2.24,37,clear sky
2025-02-22 12:58:15,-4.24,42,clear sky
2025-02-22 13:28:43,-5.24,46,clear sky
2025-02-22 13:38:16,-5.24,46,clear sky
2025-02-22 13:48:10,-5.24,46,clear sky
2025-02-22 13:57:41,-5.24,46,clear sky
2025-02-22 14:30:02,-5.24,50,clear sky
2025-02-22 14:39:33,-5.24,50,clear sky
2025-02-22 14:49:06,-5.24,50,clear sky
2025-02-22 14:58:30,-5.24,50,clear sky
2025-02-22 15:28:11,-6.24,53,clear sky
2025-02-22 15:38:30,-6.24,53,clear sky
2025-02-22 15:48:24,-6.24,53,clear sky
2025-02-22 15:58:01,-6.24,53,clear sky
2025-02-22 16:36:30,-6.24,58,clear sky
2025-02-22 16:46:20,-6.24,58,clear sky
2025-02-22 16:55:51,-6.24,58,clear sky
2025-02-22 17:30:22,-8.24,62,clear sky
2025-02-22 17:39:58,-8.24,62,clear sky
2025-02-22 17:49:42,-8.24,62,clear sky
2025-02-22 17:59:16,-8.24,62,clear sky
2025-02-22 18:38:18,-7.24,58,clear sky
2025-02-22 18:47:56,-7.24,58,clear sky
2025-02-22 18:57:45,-7.24,58,clear sky
2025-02-22 19:20:22,-4.19,39,clear sky
2025-02-22 19:29:44,-9.24,67,clear sky
2025-02-22 19:39:08,-9.24,67,clear sky
2025-02-22 19:48:46,-9.24,67,clear sky
2025-02-22 19:58:07,-9.24,67,clear sky
2025-02-22 20:28:43,-8.24,67,clear sky
2025-02-22 20:40:18,-8.24,67,clear sky
2025-02-22 20:49:51,-8.24,67,clear sky
2025-02-22 20:59:08,-8.24,67,clear sky
2025-02-22 21:26:22,-8.24,67,clear sky
2025-02-22 21:37:49,-8.24,67,clear sky
2025-02-22 21:47:39,-8.24,67,clear sky
2025-02-22 21:57:13,-8.24,67,clear sky
2025-02-22 22:30:55,-7.24,63,clear sky
2025-02-22 22:40:19,-7.24,63,clear sky
2025-02-22 22:50:08,-7.24,63,clear sky
2025-02-22 22:59:39,-7.24,63,clear sky
2025-02-22 23:25:35,-4.93,37,clear sky
2025-02-22 23:37:50,-5.24,58,clear sky
2025-02-22 23:47:34,-5.24,58,clear sky
2025-02-22 23:57:09,-5.24,58,clear sky
2025-02-23 02:58:38,-1.24,37,clear sky
2025-02-23 03:39:21,-2.24,34,few clouds
2025-02-23 03:48:58,-2.24,34,few clouds
2025-02-23 03:58:39,-2.24,34,few clouds
2025-02-23 04:39:27,-0.24,32,few clouds
2025-02-23 04:48:58,-0.24,32,few clouds
2025-02-23 04:58:36,-0.24,32,few clouds
2025-02-23 05:31:40,-0.24,27,clear sky
2025-02-23 05:41:01,-0.24,27,clear sky
2025-02-23 05:50:34,-0.24,27,clear sky
2025-02-23 06:00:15,-0.24,27,clear sky
2025-02-23 06:40:11,-0.24,29,clear sky
2025-02-23 06:49:46,-0.24,29,clear sky
2025-02-23 06:59:07,-0.24,29,clear sky
2025-02-23 07:25:45,-0.24,34,clear sky
2025-02-23 07:37:29,-0.24,34,clear sky
2025-02-23 07:46:59,-0.24,34,clear sky
2025-02-23 07:56:36,-0.24,34,clear sky
2025-02-23 08:34:55,-0.24,29,clear sky
2025-02-23 08:47:29,-0.24,29,clear sky
2025-02-23 08:56:05,-0.24,29,clear sky
2025-02-23 09:29:18,-2.24,34,clear sky
2025-02-23 09:41:16,-2.24,34,clear sky
2025-02-23 09:50:48,-2.24,34,clear sky
2025-02-23 10:33:13,-3.24,36,clear sky
2025-02-23 10:42:50,-3.24,36,clear sky
2025-02-23 10:52:22,-3.24,36,clear sky
2025-02-23 11:21:11,-4.24,42,clear sky
2025-02-23 11:30:53,-4.24,42,clear sky
2025-02-23 11:40:27,-4.24,42,clear sky
2025-02-23 11:50:09,-4.24,42,clear sky
2025-02-23 11:59:37,-4.24,42,clear sky
2025-02-23 12:59:52,-5.24,50,clear sky
2025-02-23 13:29:07,-5.24,50,clear sky
2025-02-23 13:38:47,-5.24,50,clear sky
2025-02-23 13:48:27,-5.24,50,clear sky
2025-02-23 13:57:47,-5.24,50,clear sky
2025-02-23 14:30:43,-6.24,53,clear sky
2025-02-23 14:42:09,-6.24,53,clear sky
2025-02-23 14:51:36,-6.24,53,clear sky
2025-02-23 15:25:43,-6.24,53,clear sky
2025-02-23 15:39:56,-6.24,53,clear sky
2025-02-23 15:49:48,-6.24,53,clear sky
2025-02-23 15:59:25,-6.24,53,clear sky
2025-02-23 16:36:41,-6.24,58,clear sky
2025-02-23 16:46:21,-6.24,58,clear sky
2025-02-23 16:56:03,-6.24,58,clear sky
2025-02-23 17:27:53,-8.24,62,clear sky
2025-02-23 17:40:48,-8.24,62,clear sky
2025-02-23 17:50:06,-8.24,62,clear sky
2025-02-23 17:59:28,-8.24,62,clear sky
2025-02-23 18:37:59,-8.24,67,clear sky
2025-02-23 18:47:37,-8.24,67,clear sky
2025-02-23 18:57:10,-8.24,67,clear sky
2025-02-23 19:19:28,-10.24,79,clear sky
2025-02-23 19:29:00,-10.24,79,clear sky
2025-02-23 19:38:31,-10.24,79,clear sky
2025-02-23 19:48:21,-10.24,79,clear sky
2025-02-23 19:57:45,-10.24,79,clear sky
2025-02-23 20:29:32,-10.24,73,clear sky
2025-02-23 20:41:25,-10.24,73,clear sky
2025-02-23 20:51:16,-10.24,73,clear sky
2025-02-23 21:24:43,-9.24,73,clear sky
2025-02-23 21:35:52,-9.24,73,clear sky
2025-02-23 21:45:22,-9.24,73,clear sky
2025-02-23 21:54:47,-9.24,73,clear sky
2025-02-23 22:31:08,-10.24,79,clear sky
2025-02-23 22:40:52,-10.24,79,clear sky
2025-02-23 22:50:28,-10.24,79,clear sky
2025-02-23 22:59:50,-10.24,79,clear sky
2025-02-23 23:26:17,-7.24,68,clear sky
2025-02-23 23:38:56,-7.24,68,clear sky
2025-02-23 23:48:29,-7.24,68,clear sky
2025-02-23 23:58:02,-7.24,68,clear sky
2025-02-24 02:59:39,0.76,32,clear sky
2025-02-24 03:42:45,1.76,30,clear sky
2025-02-24 03:52:23,1.76,30,clear sky
2025-02-24 04:36:52,2.76,30,clear sky
2025-02-24 04:46:17,2.76,30,clear sky
2025-02-24 04:55:44,2.76,30,clear sky
2025-02-24 05:32:49,3.76,33,clear sky
2025-02-24 05:42:21,3.76,33,clear sky
2025-02-24 05:51:46,3.76,33,clear sky
2025-02-24 06:43:58,3.76,33,clear sky
2025-02-24 06:53:27,3.76,33,clear sky
2025-02-24 07:26:36,3.76,30,clear sky
2025-02-24 07:38:06,3.76,30,clear sky
2025-02-24 07:47:50,3.76,30,clear sky
2025-02-24 07:57:31,3.76,30,clear sky
2025-02-24 08:41:49,3.76,30,clear sky
2025-02-24 08:52:10,3.76,30,clear sky
2025-02-24 09:31:49,1.76,35,clear sky
2025-02-24 09:42:36,1.76,35,clear sky
2025-02-24 09:52:05,1.76,35,clear sky
2025-02-24 10:38:58,0.76,40,clear sky
2025-02-24 10:48:47,0.76,40,clear sky
2025-02-24 10:58:27,0.76,40,clear sky
2025-02-24 11:24:36,0.76,60,clear sky
2025-02-24 11:37:59,0.76,60,clear sky
2025-02-24 11:47:41,0.76,60,clear sky
2025-02-24 11:57:12,0.76,60,clear sky
2025-02-24 13:14:40,0.76,64,clear sky
2025-02-24 13:41:38,-0.24,69,clear sky
2025-02-24 13:51:33,-0.24,69,clear sky
2025-02-24 14:36:35,-2.24,86,clear sky
2025-02-24 14:46:24,-2.24,86,clear sky
2025-02-24 14:55:53,-2.24,86,clear sky
2025-02-24 15:34:55,-5.24,93,clear sky
2025-02-24 15:44:59,-5.24,93,clear sky
2025-02-24 15:54:38,-5.24,93,clear sky
2025-02-24 16:44:39,-6.24,100,clear sky
2025-02-24 16:54:57,-6.24,100,clear sky
2025-02-24 17:29:44,-5.24,100,clear sky
2025-02-24 17:40:41,-5.24,100,clear sky
2025-02-24 17:50:32,-5.24,100,clear sky
2025-02-24 17:59:56,-5.24,100,clear sky
2025-02-24 18:45:46,-7.24,93,clear sky
2025-02-24 18:55:15,-7.24,93,clear sky
2025-02-24 19:22:08,-0.5,65,few clouds
2025-02-24 19:37:02,-6.24,93,clear sky
2025-02-24 19:46:48,-6.24,93,clear sky
2025-02-24 19:56:11,-6.24,93,clear sky
2025-02-24 20:31:52,-7.24,100,clear sky
2025-02-24 20:43:12,-7.24,100,clear sky
2025-02-24 20:52:45,-7.24,100,clear sky
2025-02-24 21:26:10,-7.24,100,clear sky
2025-02-24 21:40:03,-7.24,100,clear sky
2025-02-24 21:49:40,-7.24,100,clear sky
2025-02-24 21:59:24,-7.24,100,clear sky
2025-02-24 22:35:06,-6.24,100,clear sky
2025-02-24 22:44:32,-6.24,100,clear sky
2025-02-24 22:54:27,-6.24,100,clear sky
2025-02-24 23:27:06,-0.53,66,scattered clouds
2025-02-24 23:39:18,-3.24,93,clear sky
2025-02-24 23:49:07,-3.24,93,clear sky
2025-02-24 23:58:31,-3.24,93,clear sky
2025-02-25 02:58:38,3.76,60,broken clouds
2025-02-25 03:41:49,5.76,52,broken clouds
2025-02-25 03:51:34,5.76,52,broken clouds
2025-02-25 04:36:31,4.76,56,broken clouds
2025-02-25 04:46:14,4.76,56,broken clouds
2025-02-25 04:55:37,4.76,56,broken clouds
2025-02-25 05:33:29,4.76,60,broken clouds
2025-02-25 05:43:00,4.76,60,broken clouds
2025-02-25 05:52:51,4.76,60,broken clouds
2025-02-25 06:42:46,4.76,65,broken clouds
2025-02-25 06:52:11,4.76,65,broken clouds
2025-02-25 07:26:56,5.76,61,broken clouds
2025-02-25 07:38:11,5.76,61,broken clouds
2025-02-25 07:48:08,5.76,61,broken clouds
2025-02-25 07:57:55,5.76,61,broken clouds
2025-02-25 08:40:30,4.76,65,broken clouds
2025-02-25 08:51:46,4.76,65,broken clouds
2025-02-25 09:31:21,4.76,70,broken clouds
2025-02-25 09:42:25,4.76,70,broken clouds
2025-02-25 09:51:56,4.76,70,broken clouds
2025-02-25 10:38:52,3.76,75,broken clouds
2025-02-25 10:48:16,3.76,75,broken clouds
2025-02-25 10:57:40,3.76,75,broken clouds
2025-02-25 11:25:48,3.76,75,broken clouds
2025-02-25 11:38:53,3.76,75,broken clouds
2025-02-25 11:48:26,3.76,75,broken clouds
2025-02-25 11:57:52,3.76,75,broken clouds
2025-02-25 13:14:38,3.76,81,scattered clouds
2025-02-25 13:41:22,1.76,93,scattered clouds
2025-02-25 13:51:22,1.76,93,scattered clouds
2025-02-25 14:37:21,1.76,93,scattered clouds
2025-02-25 14:47:14,1.76,93,scattered clouds
2025-02-25 14:56:55,1.76,93,scattered clouds
2025-02-25 15:34:34,2.76,93,scattered clouds
2025-02-25 15:45:02,2.76,93,scattered clouds
2025-02-25 15:54:56,2.76,93,scattered clouds
2025-02-25 16:44:24,2.76,93,mist
2025-02-25 16:54:46,2.76,93,mist
2025-02-25 17:37:02,2.76,100,mist
2025-02-25 17:46:43,2.76,100,mist
2025-02-25 17:56:21,2.76,100,mist
2025-02-25 18:44:31,2.76,100,mist
2025-02-25 18:54:05,2.76,100,mist
2025-02-25 19:22:18,0.58,80,clear sky
2025-02-25 19:36:55,1.76,100,mist
2025-02-25 19:47:00,1.76,100,mist
2025-02-25 19:56:23,1.76,100,mist
2025-02-25 20:32:16,-0.24,100,mist
2025-02-25 20:43:16,-0.24,100,mist
2025-02-25 20:52:42,-0.24,100,mist
2025-02-25 21:26:59,-1.24,93,fog
2025-02-25 21:41:07,-1.24,93,fog
2025-02-25 21:50:49,-1.24,93,fog
2025-02-25 22:00:22,-1.24,93,fog
2025-02-25 22:35:52,-4.24,100,fog
2025-02-25 22:45:14,-4.24,100,fog
2025-02-25 22:54:55,-4.24,100,fog
2025-02-25 23:26:50,-2.24,93,fog
2025-02-25 23:39:22,-2.24,93,fog
2025-02-25 23:48:53,-2.24,93,fog
2025-02-25 23:58:47,-2.24,93,fog
2025-02-26 02:57:07,4.76,45,haze
2025-02-26 03:43:58,6.76,26,clear sky
2025-02-26 03:53:33,6.76,26,clear sky
2025-02-26 04:40:32,7.76,17,clear sky
2025-02-26 04:51:19,7.76,17,clear sky
2025-02-26 05:32:26,7.76,21,clear sky
2025-02-26 05:42:39,7.76,21,clear sky
2025-02-26 05:52:26,7.76,21,clear sky
2025-02-26 06:42:40,7.76,19,clear sky
2025-02-26 06:52:11,7.76,19,clear sky
2025-02-26 07:26:15,7.76,18,clear sky
2025-02-26 07:39:08,7.76,18,clear sky
2025-02-26 07:48:51,7.76,18,clear sky
2025-02-26 07:58:17,7.76,18,clear sky
2025-02-26 08:41:52,6.76,19,clear sky
2025-02-26 08:52:28,6.76,19,clear sky
2025-02-26 09:31:30,4.76,22,clear sky
2025-02-26 09:42:32,4.76,22,clear sky
2025-02-26 09:52:21,4.76,22,clear sky
2025-02-26 10:38:44,2.76,23,clear sky
2025-02-26 10:48:27,2.76,23,clear sky
2025-02-26 10:57:51,2.76,23,clear sky
2025-02-26 11:25:47,1.76,27,clear sky
2025-02-26 11:38:20,1.76,27,clear sky
2025-02-26 11:48:25,1.76,27,clear sky
2025-02-26 11:57:58,1.76,27,clear sky
2025-02-26 13:14:21,1.64,48,clear sky
2025-02-26 13:40:55,-0.24,40,clear sky
2025-02-26 13:50:38,-0.24,40,clear sky
2025-02-26 14:00:06,-0.24,40,clear sky
2025-02-26 14:38:17,-1.24,51,clear sky
2025-02-26 14:47:58,-1.24,51,clear sky
2025-02-26 14:57:37,-1.24,51,clear sky
2025-02-26 15:37:22,-4.24,68,clear sky
2025-02-26 15:47:36,-4.24,68,clear sky
2025-02-26 15:57:21,-4.24,68,clear sky
2025-02-26 16:45:34,-4.24,74,clear sky
2025-02-26 16:55:12,-4.24,74,clear sky
2025-02-26 17:31:38,-5.24,63,clear sky
2025-02-26 17:41:41,-5.24,63,clear sky
2025-02-26 17:51:29,-5.24,63,clear sky
2025-02-26 18:42:20,0.05,55,clear sky
2025-02-26 18:51:58,0.15,57,clear sky
2025-02-26 19:21:14,0.15,57,clear sky
2025-02-26 19:36:39,0.15,57,clear sky
2025-02-26 19:46:41,0.07,56,clear sky
2025-02-26 19:56:00,0.07,56,clear sky
2025-02-26 20:31:47,-6.24,73,clear sky
2025-02-26 20:43:02,-6.24,73,clear sky
2025-02-26 20:52:38,-6.24,73,clear sky
2025-02-26 21:27:11,-6.24,79,clear sky
2025-02-26 21:39:17,-6.24,79,clear sky
2025-02-26 21:49:17,-6.24,79,clear sky
2025-02-26 21:58:43,-6.24,79,clear sky
2025-02-26 22:35:26,-6.24,86,clear sky
2025-02-26 22:44:50,-6.24,86,clear sky
2025-02-26 22:54:33,-6.24,86,clear sky
2025-02-26 23:30:31,-4.24,80,clear sky
2025-02-26 23:41:28,-4.24,80,clear sky
2025-02-26 23:51:01,-4.24,80,clear sky
2025-02-27 02:57:43,8.76,25,clear sky
2025-02-27 03:43:21,9.76,16,clear sky
2025-02-27 03:52:56,9.76,16,clear sky
2025-02-27 04:38:50,11.76,13,clear sky
2025-02-27 04:49:17,11.76,13,clear sky
2025-02-27 04:58:49,11.76,13,clear sky
2025-02-27 05:37:04,12.76,11,clear sky
2025-02-27 05:46:57,12.76,11,clear sky
2025-02-27 05:56:21,12.76,11,clear sky
2025-02-27 06:45:09,12.76,11,few clouds
2025-02-27 06:54:52,12.76,11,few clouds
2025-02-27 07:27:08,12.76,13,clear sky
2025-02-27 07:38:39,12.76,13,clear sky
2025-02-27 07:48:13,12.76,13,clear sky
2025-02-27 07:57:44,12.76,13,clear sky
2025-02-27 08:40:09,11.76,16,clear sky
2025-02-27 08:52:03,11.76,16,clear sky
2025-02-27 09:31:24,10.76,19,clear sky
2025-02-27 09:42:27,10.76,19,clear sky
2025-02-27 09:52:00,10.76,19,clear sky
2025-02-27 10:38:47,6.76,31,clear sky
2025-02-27 10:48:18,6.76,31,clear sky
2025-02-27 10:57:51,6.76,31,clear sky
2025-02-27 11:24:45,2.76,41,clear sky
2025-02-27 11:37:48,2.76,41,clear sky
2025-02-27 11:47:23,2.76,41,clear sky
2025-02-27 11:57:37,2.76,41,clear sky
2025-02-27 13:15:15,5.92,17,overcast clouds
2025-02-27 13:41:40,-0.24,51,clear sky
2025-02-27 13:51:14,-0.24,51,clear sky
2025-02-27 14:36:25,-0.24,59,clear sky
2025-02-27 14:46:11,-0.24,59,clear sky
2025-02-27 14:55:40,-0.24,59,clear sky
2025-02-27 15:34:05,0.76,60,broken clouds
2025-02-27 15:43:36,0.76,60,broken clouds
2025-02-27 15:53:45,0.76,60,broken clouds
2025-02-27 16:44:16,-0.24,69,broken clouds
2025-02-27 16:53:47,-0.24,69,broken clouds
2025-02-27 17:31:51,0.76,75,broken clouds
2025-02-27 17:42:06,0.76,75,broken clouds
2025-02-27 17:52:02,0.76,75,broken clouds
2025-02-27 18:42:58,0.76,64,broken clouds
2025-02-27 18:52:31,0.76,64,broken clouds
2025-02-27 19:21:31,-0.24,64,scattered clouds
2025-02-27 19:36:49,-0.24,64,scattered clouds
2025-02-27 19:46:20,-0.24,64,scattered clouds
2025-02-27 19:55:56,-0.24,64,scattered clouds
2025-02-27 20:32:12,-0.24,69,broken clouds
2025-02-27 20:43:31,-0.24,69,broken clouds
2025-02-27 20:53:14,-0.24,69,broken clouds
2025-02-27 21:27:21,-0.24,80,broken clouds
2025-02-27 21:39:47,-0.24,80,broken clouds
2025-02-27 21:49:37,-0.24,80,broken clouds
2025-02-27 21:58:59,-0.24,80,broken clouds
2025-02-27 22:37:19,1.76,64,broken clouds
2025-02-27 22:46:52,1.76,64,broken clouds
2025-02-27 22:56:34,1.76,64,broken clouds
2025-02-27 23:28:33,1.76,75,broken clouds
2025-02-27 23:39:48,1.76,75,broken clouds
2025-02-27 23:49:23,1.76,75,broken clouds
2025-02-27 23:58:51,1.76,75,broken clouds
2025-02-28 02:59:18,9.76,40,broken clouds
2025-02-28 03:43:10,10.76,58,broken clouds
2025-02-28 03:52:40,10.76,58,broken clouds
2025-02-28 04:38:27,10.76,62,broken clouds
2025-02-28 04:48:44,10.76,62,broken clouds
2025-02-28 04:58:07,10.76,62,broken clouds
2025-02-28 05:37:14,10.76,62,broken clouds
2025-02-28 05:47:00,10.76,62,broken clouds
2025-02-28 05:56:33,10.76,62,broken clouds
2025-02-28 06:44:14,11.76,58,broken clouds
2025-02-28 06:54:04,11.76,58,broken clouds
2025-02-28 07:26:58,11.76,58,broken clouds
2025-02-28 07:38:28,11.76,58,broken clouds
2025-02-28 07:47:56,11.76,58,broken clouds
2025-02-28 07:57:30,11.76,58,broken clouds
2025-02-28 08:39:10,10.76,66,scattered clouds
2025-02-28 08:50:51,10.76,66,scattered clouds
2025-02-28 09:30:27,9.76,71,clear sky
2025-02-28 09:41:58,9.76,71,clear sky
2025-02-28 09:51:56,9.76,71,clear sky
2025-02-28 10:37:59,4.76,87,clear sky
2025-02-28 10:47:41,4.76,87,clear sky
2025-02-28 10:57:06,4.76,87,clear sky
2025-02-28 11:24:29,4.76,100,clear sky
2025-02-28 11:37:56,4.76,100,clear sky
2025-02-28 11:47:58,4.76,100,clear sky
2025-02-28 11:57:17,4.76,100,clear sky
2025-02-28 13:04:30,3.76,100,clear sky
2025-02-28 13:37:20,3.76,100,mist
2025-02-28 13:47:10,3.76,100,mist
2025-02-28 13:56:37,3.76,100,mist
2025-02-28 14:36:06,0.76,100,mist
2025-02-28 14:46:00,0.76,100,mist
2025-02-28 14:55:25,0.76,100,mist
2025-02-28 15:32:29,0.76,100,fog
2025-02-28 15:43:41,0.76,100,fog
2025-02-28 15:53:42,0.76,100,fog
2025-02-28 16:42:13,-1.24,100,fog
2025-02-28 16:51:53,-0.24,93,fog
2025-02-28 17:30:05,-0.24,100,fog
2025-02-28 17:40:42,-0.24,100,fog
2025-02-28 17:50:07,-0.24,100,fog
2025-02-28 17:59:56,-0.24,100,fog
2025-02-28 18:45:21,-1.24,100,fog
2025-02-28 18:54:57,-1.24,100,fog
2025-02-28 19:24:18,-0.24,100,fog
2025-02-28 19:37:27,-0.24,100,fog
2025-02-28 19:47:17,-0.24,100,fog
2025-02-28 19:56:40,-0.24,100,fog
2025-02-28 20:32:27,-0.24,100,fog
2025-02-28 20:44:10,-0.24,100,fog
2025-02-28 20:53:50,-0.24,100,fog
2025-02-28 21:26:43,-1.24,100,fog
2025-02-28 21:39:04,-1.24,100,fog
2025-02-28 21:48:54,-1.24,100,fog
2025-02-28 21:58:28,-1.24,100,fog
2025-02-28 22:35:27,-1.24,100,fog
2025-02-28 22:44:48,-0.24,100,fog
2025-02-28 22:54:31,-0.24,93,fog
2025-02-28 23:26:46,-0.24,100,fog
2025-02-28 23:39:23,-0.24,100,fog
2025-02-28 23:48:55,-0.24,100,fog
2025-02-28 23:58:40,-0.24,100,fog
2025-03-01 03:05:14,8.76,71,mist
2025-03-01 03:47:53,13.76,44,haze
2025-03-01 03:57:16,13.76,44,haze
2025-03-01 04:36:50,12.76,47,haze
2025-03-01 04:46:42,12.76,47,haze
2025-03-01 04:56:11,12.76,47,haze
2025-03-01 05:31:45,11.76,54,light rain
2025-03-01 05:41:47,11.76,54,light rain
2025-03-01 05:51:38,11.76,54,moderate rain
2025-03-01 06:41:04,10.76,82,moderate rain
2025-03-01 06:50:42,10.76,82,broken clouds
2025-03-01 07:00:24,10.76,82,broken clouds
2025-03-01 07:26:33,8.86,49,overcast clouds
2025-03-01 07:37:03,11.76,66,haze
2025-03-01 07:46:25,11.76,66,haze
2025-03-01 07:55:53,11.76,66,haze
2025-03-01 08:36:53,11.76,62,haze
2025-03-01 08:48:21,11.76,62,haze
2025-03-01 08:57:54,11.76,62,haze
2025-03-01 09:28:55,10.76,71,haze
2025-03-01 09:39:43,10.76,71,haze
2025-03-01 09:49:21,10.76,71,haze
2025-03-01 09:59:07,10.76,71,haze
2025-03-01 10:35:07,9.76,76,broken clouds
2025-03-01 10:44:27,9.76,76,broken clouds
2025-03-01 10:53:55,9.76,76,broken clouds
2025-03-01 11:20:55,7.76,81,overcast clouds
2025-03-01 11:30:50,7.76,81,overcast clouds
2025-03-01 11:40:33,7.76,81,broken clouds
2025-03-01 11:50:20,7.76,81,broken clouds
2025-03-01 11:59:42,7.76,81,broken clouds
2025-03-01 13:00:32,5.76,100,mist
2025-03-01 13:30:38,6.76,93,mist
2025-03-01 13:40:05,6.76,93,mist
2025-03-01 13:49:58,6.76,93,mist
2025-03-01 13:59:16,6.76,93,mist
2025-03-01 14:32:08,6.76,87,mist
2025-03-01 14:41:44,6.76,87,mist
2025-03-01 14:51:29,6.76,87,mist
2025-03-01 15:29:51,3.76,100,mist
2025-03-01 15:40:48,3.76,100,mist
2025-03-01 15:50:25,3.76,100,mist
2025-03-01 15:59:51,3.76,100,mist
2025-03-01 16:38:09,3.76,100,mist
2025-03-01 16:47:45,3.76,100,mist
2025-03-01 16:57:18,3.76,100,mist
2025-03-01 17:28:06,3.76,100,mist
2025-03-01 17:37:44,3.76,100,mist
2025-03-01 17:47:41,3.76,100,mist
2025-03-01 17:57:14,3.76,100,mist
2025-03-01 18:38:33,3.76,100,mist
2025-03-01 18:48:07,3.76,100,mist
2025-03-01 18:57:47,3.76,100,mist
2025-03-01 19:20:29,4.76,100,mist
2025-03-01 19:29:55,4.76,100,mist
2025-03-01 19:39:16,4.76,100,mist
2025-03-01 19:48:57,4.76,100,mist
2025-03-01 19:58:23,4.76,100,mist
2025-03-01 20:29:58,5.76,93,mist
2025-03-01 20:41:05,5.76,93,mist
2025-03-01 20:51:02,5.76,93,mist
2025-03-01 21:27:12,4.76,100,mist
2025-03-01 21:37:11,4.76,100,mist
2025-03-01 21:46:45,4.76,100,mist
2025-03-01 21:56:08,4.76,100,mist
2025-03-01 22:32:20,4.76,100,mist
2025-03-01 22:41:45,4.76,100,mist
2025-03-01 22:51:17,4.76,100,mist
2025-03-01 23:27:00,7.21,50,overcast clouds
2025-03-01 23:39:37,5.76,87,mist
2025-03-01 23:49:21,5.76,87,mist
2025-03-01 23:58:48,5.76,87,mist
2025-03-02 03:02:14,10.76,62,broken clouds
2025-03-02 03:44:08,12.76,54,broken clouds
2025-03-02 03:53:43,12.76,54,broken clouds
2025-03-02 04:34:37,14.76,41,clear sky
2025-03-02 04:44:54,14.76,41,clear sky
2025-03-02 04:54:16,14.76,41,clear sky
2025-03-02 05:32:46,8.99,45,overcast clouds
2025-03-02 05:42:38,13.76,41,clear sky
2025-03-02 05:52:19,13.76,41,clear sky
2025-03-02 06:40:11,13.76,35,light rain
2025-03-02 06:49:59,13.76,35,moderate rain
2025-03-02 06:59:24,13.76,35,moderate rain
2025-03-02 07:25:34,10.76,62,moderate rain
2025-03-02 07:37:07,10.76,62,moderate rain
2025-03-02 07:46:41,10.76,62,moderate rain
2025-03-02 07:56:28,10.76,62,moderate rain
2025-03-02 08:34:55,7.76,93,moderate rain
2025-03-02 08:45:19,7.76,93,moderate rain
2025-03-02 08:54:55,7.76,93,moderate rain
2025-03-02 09:29:42,6.76,100,heavy intensity rain
2025-03-02 09:41:14,6.76,100,moderate rain
2025-03-02 09:51:00,6.76,100,moderate rain
2025-03-02 10:33:18,5.76,93,moderate rain
2025-03-02 10:42:50,5.76,93,moderate rain
2025-03-02 10:52:18,5.76,93,moderate rain
2025-03-02 11:21:15,4.76,93,moderate rain
2025-03-02 11:35:22,4.76,93,moderate rain
2025-03-02 11:45:02,4.76,93,light rain
2025-03-02 11:54:29,4.76,93,moderate rain
2025-03-02 12:58:48,4.76,87,moderate rain
2025-03-02 13:30:15,2.88,80,moderate rain
2025-03-02 13:39:36,3.76,93,light rain
2025-03-02 13:49:21,3.76,93,light rain
2025-03-02 13:58:41,3.76,93,light rain
2025-03-02 14:31:49,2.76,93,moderate rain
2025-03-02 14:41:25,2.76,93,moderate rain
2025-03-02 14:51:18,2.76,93,moderate rain
2025-03-02 15:27:54,2.76,93,moderate rain
2025-03-02 15:40:04,2.76,93,moderate rain
2025-03-02 15:49:42,2.76,93,moderate rain
2025-03-02 15:59:04,2.76,93,moderate rain
2025-03-02 16:38:15,2.76,93,moderate rain
2025-03-02 16:47:42,2.76,93,moderate rain
2025-03-02 16:57:30,2.76,93,moderate rain
2025-03-02 17:29:32,2.76,93,moderate rain
2025-03-02 17:39:17,2.76,93,moderate rain
2025-03-02 17:48:42,2.76,93,moderate rain
2025-03-02 17:58:06,2.76,93,moderate rain
2025-03-02 18:42:09,1.76,100,light rain
2025-03-02 18:51:20,1.76,100,moderate rain
2025-03-02 19:18:54,0.25,98,snow
2025-03-02 19:28:11,1.76,100,moderate rain
2025-03-02 19:38:22,1.76,100,moderate rain
2025-03-02 19:48:13,1.76,100,moderate rain
2025-03-02 19:57:46,1.76,100,light rain
2025-03-02 20:29:16,0.76,100,light rain
2025-03-02 20:42:01,0.76,100,light rain
2025-03-02 20:51:49,0.76,100,light rain
2025-03-02 21:25:06,0.76,100,snow
2025-03-02 21:36:16,0.76,100,snow
2025-03-02 21:45:50,0.76,100,snow
2025-03-02 21:55:12,0.76,100,snow
2025-03-02 22:32:05,0.76,100,light snow
2025-03-02 22:41:56,0.76,100,light snow
2025-03-02 22:51:17,0.76,100,light snow
2025-03-02 23:25:33,1.76,93,broken clouds
2025-03-02 23:37:58,1.76,93,mist
2025-03-02 23:47:40,1.76,93,mist
2025-03-02 23:57:32,1.76,93,broken clouds
2025-03-03 03:01:43,4.76,65,clear sky
2025-03-03 03:51:42,5.76,56,clear sky
2025-03-03 03:55:56,5.76,56,clear sky
2025-03-03 04:39:59,6.76,57,clear sky
2025-03-03 04:50:32,6.76,57,clear sky
2025-03-03 05:00:09,6.76,57,clear sky
2025-03-03 05:37:01,6.76,57,clear sky
2025-03-03 05:46:48,6.76,57,clear sky
2025-03-03 05:56:08,6.76,57,clear sky
2025-03-03 06:47:06,5.76,52,clear sky
2025-03-03 06:56:41,5.76,52,clear sky
2025-03-03 07:29:03,4.76,52,clear sky
2025-03-03 07:39:36,4.76,52,clear sky
2025-03-03 07:49:31,4.76,52,clear sky
2025-03-03 07:59:00,4.76,52,clear sky
2025-03-03 08:40:52,4.76,52,clear sky
2025-03-03 08:52:37,4.76,52,clear sky
2025-03-03 09:33:39,3.76,52,clear sky
2025-03-03 09:44:23,3.76,52,clear sky
2025-03-03 09:53:41,3.76,52,clear sky
2025-03-03 10:40:05,2.76,56,clear sky
2025-03-03 10:49:27,2.76,56,clear sky
2025-03-03 10:58:48,2.76,56,clear sky
2025-03-03 11:26:36,1.76,55,clear sky
2025-03-03 11:39:25,1.76,55,clear sky
2025-03-03 11:49:27,1.76,55,clear sky
2025-03-03 11:58:52,1.76,55,clear sky
2025-03-03 13:15:34,0.72,52,overcast clouds
2025-03-03 13:42:35,1.76,51,clear sky
2025-03-03 13:52:26,1.76,51,clear sky
2025-03-03 14:37:45,1.76,48,clear sky
2025-03-03 14:48:19,1.76,48,clear sky
2025-03-03 14:57:39,1.76,48,clear sky
2025-03-03 15:35:40,1.76,51,clear sky
2025-03-03 15:45:33,1.76,51,clear sky
2025-03-03 15:55:07,1.76,51,clear sky
2025-03-03 16:43:15,1.76,55,clear sky
2025-03-03 16:55:45,1.76,55,clear sky
2025-03-03 17:32:02,1.76,51,clear sky
2025-03-03 17:41:49,1.76,51,clear sky
2025-03-03 17:51:23,1.76,51,clear sky
2025-03-03 18:40:20,1.76,51,clear sky
2025-03-03 18:52:14,1.76,51,clear sky
2025-03-03 19:21:57,0.77,57,light snow
2025-03-03 19:36:04,1.76,55,clear sky
2025-03-03 19:45:37,1.76,55,clear sky
2025-03-03 19:55:01,1.76,55,clear sky
2025-03-03 20:32:44,1.76,55,clear sky
2025-03-03 20:45:36,1.76,55,light snow
2025-03-03 20:54:51,1.76,55,snow
2025-03-03 21:29:34,1.76,55,clear sky
2025-03-03 21:43:38,1.76,55,clear sky
2025-03-03 21:53:17,1.76,55,clear sky
2025-03-03 22:34:30,2.76,52,clear sky
2025-03-03 22:44:01,2.76,52,clear sky
2025-03-03 22:53:43,2.76,52,clear sky
2025-03-03 23:27:16,2.76,56,clear sky
2025-03-03 23:40:17,2.76,56,light rain
2025-03-03 23:49:43,2.76,56,snow
2025-03-03 23:59:22,2.76,56,snow
2025-03-04 03:01:58,0.76,100,snow
2025-03-04 03:46:47,0.76,100,snow
2025-03-04 03:56:13,0.76,100,snow
2025-03-04 04:39:43,1.76,100,snow
2025-03-04 04:49:52,1.76,100,snow
2025-03-04 04:59:09,1.76,100,snow
2025-03-04 05:35:20,1.76,100,light rain
2025-03-04 05:44:52,1.76,100,light rain
2025-03-04 05:54:49,1.76,100,light rain
2025-03-04 06:44:48,2.76,87,light rain
2025-03-04 06:54:27,2.76,87,light rain
2025-03-04 07:28:27,2.76,93,light rain
2025-03-04 07:41:19,2.76,93,broken clouds
2025-03-04 07:50:43,2.76,93,broken clouds
2025-03-04 08:00:04,2.76,93,broken clouds
2025-03-04 08:42:30,3.76,81,broken clouds
2025-03-04 08:53:28,3.76,81,broken clouds
2025-03-04 09:32:16,3.76,70,broken clouds
2025-03-04 09:43:45,3.76,70,broken clouds
2025-03-04 09:53:31,3.76,70,broken clouds
2025-03-04 10:40:20,2.76,81,broken clouds
2025-03-04 10:49:58,2.76,81,broken clouds
2025-03-04 10:59:26,2.76,81,broken clouds
2025-03-04 11:25:54,1.76,87,broken clouds
2025-03-04 11:39:42,1.76,87,broken clouds
2025-03-04 11:49:16,1.76,87,broken clouds
2025-03-04 11:59:05,1.76,87,broken clouds
2025-03-04 13:15:18,2.36,65,overcast clouds
2025-03-04 13:42:35,1.76,80,clear sky
2025-03-04 13:52:01,1.76,80,clear sky
2025-03-04 14:37:08,1.76,75,clear sky
2025-03-04 14:46:59,1.76,75,snow
2025-03-04 14:56:32,1.76,75,snow
2025-03-04 15:36:33,1.76,75,light snow
2025-03-04 15:46:34,1.76,75,light snow
2025-03-04 15:56:01,1.76,75,light snow
2025-03-04 16:45:44,1.76,75,clear sky
2025-03-04 16:55:35,1.76,75,clear sky
2025-03-04 17:32:17,1.76,75,clear sky
2025-03-04 17:42:49,1.76,75,clear sky
2025-03-04 17:52:04,1.76,75,clear sky
2025-03-04 18:44:41,1.76,75,clear sky
2025-03-04 18:54:04,1.76,75,clear sky
2025-03-04 19:21:51,1.15,76,overcast clouds
2025-03-04 19:36:14,1.76,75,clear sky
2025-03-04 19:45:57,1.76,75,clear sky
2025-03-04 19:55:26,1.76,75,clear sky
2025-03-04 20:31:52,1.76,75,clear sky
2025-03-04 20:43:14,1.76,75,clear sky
2025-03-04 20:52:50,1.76,75,light snow
2025-03-04 21:27:48,1.76,75,clear sky
2025-03-04 21:39:59,1.76,75,clear sky
2025-03-04 21:49:30,1.76,75,light snow
2025-03-04 21:59:10,1.76,75,clear sky
2025-03-04 22:33:06,1.76,75,snow
2025-03-04 22:42:47,1.76,75,clear sky
2025-03-04 22:52:15,1.76,75,light snow
2025-03-04 23:27:07,1.76,75,clear sky
2025-03-04 23:39:40,1.76,75,clear sky
2025-03-04 23:49:13,1.76,75,clear sky
2025-03-04 23:58:37,1.76,75,clear sky
2025-03-05 03:00:19,4.76,65,light rain
2025-03-05 03:44:21,4.76,65,clear sky
2025-03-05 03:54:04,4.76,65,clear sky
2025-03-05 04:38:07,5.76,65,clear sky
2025-03-05 04:49:38,5.76,65,clear sky
2025-03-05 04:59:02,5.76,65,clear sky
2025-03-05 05:37:11,6.76,61,clear sky
2025-03-05 05:47:02,6.76,61,clear sky
2025-03-05 05:56:46,6.76,61,clear sky
2025-03-05 06:45:49,7.76,57,broken clouds
2025-03-05 06:55:15,7.76,57,broken clouds
2025-03-05 07:29:40,7.76,57,broken clouds
2025-03-05 07:42:15,7.76,57,broken clouds
2025-03-05 07:51:49,7.76,57,broken clouds
2025-03-05 08:40:27,7.76,57,clear sky
2025-03-05 08:53:07,7.76,57,clear sky
2025-03-05 09:32:19,6.76,61,clear sky
2025-03-05 09:43:08,6.76,61,clear sky
2025-03-05 09:52:28,6.76,61,clear sky
2025-03-05 10:39:09,4.76,65,few clouds
2025-03-05 10:48:56,4.76,65,few clouds
2025-03-05 10:58:32,4.76,65,few clouds
2025-03-05 11:25:48,3.76,75,few clouds
2025-03-05 11:39:11,3.76,75,few clouds
2025-03-05 11:48:39,3.76,75,few clouds
2025-03-05 11:58:13,3.76,75,few clouds
2025-03-05 13:15:35,4.88,48,clear sky
2025-03-05 13:41:59,1.76,93,clear sky
2025-03-05 13:51:42,1.76,93,clear sky
2025-03-05 14:36:33,1.76,87,clear sky
2025-03-05 14:46:08,1.76,87,clear sky
2025-03-05 14:56:05,1.76,87,clear sky
2025-03-05 15:32:54,0.76,80,clear sky
2025-03-05 15:44:59,0.76,80,clear sky
2025-03-05 15:54:32,0.76,80,clear sky
2025-03-05 16:52:39,-0.24,80,clear sky
2025-03-05 17:31:51,-1.24,93,clear sky
2025-03-05 17:41:15,-1.24,93,clear sky
2025-03-05 17:50:38,-1.24,93,clear sky
2025-03-05 18:00:10,-1.24,93,clear sky
2025-03-05 18:47:51,-2.24,93,clear sky
2025-03-05 18:57:12,-2.24,93,clear sky
2025-03-05 19:23:37,1.97,53,clear sky
2025-03-05 19:38:41,-2.24,86,clear sky
2025-03-05 19:48:09,-2.24,86,clear sky
2025-03-05 19:57:45,-2.24,86,clear sky
2025-03-05 20:33:41,-1.24,80,clear sky
2025-03-05 20:45:09,-1.24,80,clear sky
2025-03-05 20:54:46,-1.24,80,clear sky
2025-03-05 21:28:20,-3.24,86,clear sky
2025-03-05 21:40:09,-3.24,86,clear sky
2025-03-05 21:49:59,-3.24,86,clear sky
2025-03-05 21:59:21,-3.24,86,clear sky
2025-03-05 22:36:42,-1.24,86,clear sky
2025-03-05 22:46:17,-1.24,86,clear sky
2025-03-05 22:55:50,-1.24,86,clear sky
2025-03-05 23:29:36,-0.24,80,clear sky
2025-03-05 23:41:18,-0.24,80,clear sky
2025-03-05 23:50:34,-0.24,80,clear sky
2025-03-05 23:59:59,-0.24,80,clear sky
2025-03-06 03:01:37,5.76,56,clear sky
2025-03-06 03:45:42,6.76,53,clear sky
2025-03-06 03:55:06,6.76,53,clear sky
2025-03-06 04:40:15,7.76,46,clear sky
2025-03-06 04:51:48,7.76,46,clear sky
2025-03-06 05:33:13,8.76,40,clear sky
2025-03-06 05:45:40,8.76,40,clear sky
2025-03-06 05:55:13,8.76,40,clear sky
2025-03-06 06:45:39,8.76,40,clear sky
2025-03-06 06:55:17,8.76,40,clear sky
2025-03-06 07:16:42,8.5,31,clear sky
2025-03-06 07:31:16,9.76,37,clear sky
2025-03-06 07:42:50,9.76,37,clear sky
2025-03-06 07:52:32,9.76,37,clear sky
2025-03-06 08:14:10,8.76,40,clear sky
2025-03-06 08:36:49,8.76,40,clear sky
2025-03-06 08:50:09,8.76,40,clear sky
2025-03-06 08:59:34,8.76,40,clear sky
2025-03-06 09:25:54,6.76,53,clear sky
2025-03-06 09:39:07,6.76,53,clear sky
2025-03-06 09:48:45,6.76,53,clear sky
2025-03-06 09:58:06,6.76,53,clear sky
2025-03-06 10:24:30,7.77,30,scattered clouds
2025-03-06 10:42:03,5.76,45,clear sky
2025-03-06 10:51:43,5.76,45,clear sky
2025-03-06 11:07:52,4.76,45,clear sky
2025-03-06 11:23:30,4.76,45,clear sky
2025-03-06 11:34:46,4.76,45,clear sky
2025-03-06 11:44:23,4.76,45,clear sky
2025-03-06 11:54:07,4.76,45,clear sky
2025-03-06 12:27:24,2.76,52,clear sky
2025-03-06 13:01:10,2.76,52,clear sky
2025-03-06 13:31:11,2.76,52,clear sky
2025-03-06 13:43:17,2.76,52,clear sky
2025-03-06 13:52:45,2.76,52,clear sky
2025-03-06 14:10:32,2.76,52,clear sky
2025-03-06 14:32:41,-0.24,64,clear sky
2025-03-06 14:44:43,-0.24,64,clear sky
2025-03-06 14:54:07,-0.24,64,clear sky
2025-03-06 15:14:38,4.07,38,clear sky
2025-03-06 15:32:30,0.76,60,clear sky
2025-03-06 15:44:45,0.76,60,clear sky
2025-03-06 15:54:39,0.76,60,clear sky
2025-03-06 16:18:47,-1.24,74,clear sky
2025-03-06 16:41:34,-1.24,74,clear sky
2025-03-06 16:53:39,-1.24,74,clear sky
2025-03-06 17:12:00,3.24,42,clear sky
2025-03-06 17:30:15,-2.24,86,clear sky
2025-03-06 17:41:23,-2.24,86,clear sky
2025-03-06 17:51:11,-2.24,86,clear sky
2025-03-06 18:10:05,2.95,42,clear sky
2025-03-06 18:36:38,-2.24,86,clear sky
2025-03-06 18:50:04,-2.24,86,clear sky
2025-03-06 18:59:38,-2.24,86,clear sky
2025-03-06 19:18:39,2.66,42,clear sky
2025-03-06 19:28:01,2.76,40,clear sky
2025-03-06 19:38:44,-3.24,86,mist
2025-03-06 19:48:25,-3.24,86,mist
2025-03-06 19:58:05,-3.24,86,mist
2025-03-06 20:24:22,-2.24,86,clear sky
2025-03-06 20:37:31,2.07,41,clear sky
2025-03-06 20:47:26,-2.24,86,mist
2025-03-06 20:56:48,-2.24,86,mist
2025-03-06 21:18:21,2.07,41,clear sky
2025-03-06 21:30:30,-3.24,93,clear sky
2025-03-06 21:39:53,-3.24,93,mist
2025-03-06 21:49:20,-3.24,93,mist
2025-03-06 21:59:01,-3.24,93,mist
2025-03-06 22:23:09,-2.24,93,clear sky
2025-03-06 22:37:39,-2.24,93,mist
2025-03-06 22:47:12,-2.24,93,mist
2025-03-06 22:56:40,-2.24,93,mist
2025-03-06 23:18:11,2.18,45,clear sky
2025-03-06 23:30:31,-1.24,86,clear sky
2025-03-06 23:40:20,-1.24,86,mist
2025-03-06 23:50:01,3.32,44,clear sky
2025-03-06 23:59:23,-1.24,86,mist
2025-03-07 01:54:39,4.76,56,haze
2025-03-07 02:52:49,7.76,39,haze
2025-03-07 03:21:53,8.76,37,overcast clouds
2025-03-07 03:43:32,8.76,37,haze
2025-03-07 03:53:14,8.76,37,haze
2025-03-07 04:14:54,9.76,34,clear sky
2025-03-07 04:35:30,9.76,34,clear sky
2025-03-07 04:46:51,9.76,34,clear sky
2025-03-07 04:56:39,9.76,34,clear sky
2025-03-07 05:18:32,8.44,28,overcast clouds
2025-03-07 05:35:21,9.76,32,clear sky
2025-03-07 05:44:55,9.76,32,clear sky
2025-03-07 05:54:31,9.76,32,clear sky
2025-03-07 06:20:36,8.36,26,overcast clouds
2025-03-07 06:42:16,9.76,34,clear sky
2025-03-07 06:52:24,9.76,34,clear sky
2025-03-07 07:10:47,9.76,32,clear sky
2025-03-07 07:26:32,9.76,32,clear sky
2025-03-07 07:36:56,9.76,32,clear sky
2025-03-07 07:46:35,9.76,32,clear sky
2025-03-07 07:55:57,9.76,32,clear sky
2025-03-07 08:22:30,7.76,42,clear sky
2025-03-07 08:40:42,7.76,42,clear sky
2025-03-07 08:51:16,7.76,42,clear sky
2025-03-07 09:08:36,7.15,28,overcast clouds
2025-03-07 09:28:32,5.76,52,clear sky
2025-03-07 09:40:59,5.76,52,clear sky
2025-03-07 09:50:34,5.76,52,clear sky
2025-03-07 10:00:05,5.76,52,clear sky
2025-03-07 10:26:47,3.76,65,clear sky
2025-03-07 10:42:15,3.76,65,clear sky
2025-03-07 10:51:41,3.76,65,clear sky
2025-03-07 11:07:49,3.76,65,clear sky
2025-03-07 11:23:11,3.76,65,clear sky
2025-03-07 11:34:02,3.76,65,clear sky
2025-03-07 11:43:46,3.76,65,clear sky
2025-03-07 11:53:24,3.76,65,clear sky
2025-03-07 12:23:08,2.76,60,clear sky
2025-03-07 12:57:28,2.76,60,clear sky
2025-03-07 13:26:33,2.76,70,clear sky
2025-03-07 13:40:35,2.76,70,clear sky
2025-03-07 13:50:12,2.76,70,clear sky
2025-03-07 13:59:47,2.76,70,clear sky
2025-03-07 14:23:36,2.76,70,clear sky
2025-03-07 14:38:32,2.76,70,clear sky
2025-03-07 14:48:05,2.76,70,clear sky
2025-03-07 14:57:39,2.76,70,clear sky
2025-03-07 15:22:13,2.76,70,overcast clouds
2025-03-07 15:36:16,2.76,70,broken clouds
2025-03-07 15:45:58,2.76,70,broken clouds
2025-03-07 15:55:41,2.76,70,broken clouds
2025-03-07 16:20:43,4.97,37,overcast clouds
2025-03-07 16:40:41,0.76,86,broken clouds
2025-03-07 16:51:56,0.76,86,broken clouds
2025-03-07 17:08:29,0.76,86,broken clouds
2025-03-07 17:27:54,1.76,75,overcast clouds
2025-03-07 17:39:35,1.76,75,broken clouds
2025-03-07 17:49:23,1.76,75,broken clouds
2025-03-07 17:58:44,1.76,75,broken clouds
2025-03-07 18:31:53,2.76,70,broken clouds
2025-03-07 18:47:02,2.76,70,broken clouds
2025-03-07 18:56:48,2.76,70,broken clouds
2025-03-07 19:15:11,2.76,70,broken clouds
2025-03-07 19:25:23,1.76,87,overcast clouds
2025-03-07 19:36:31,1.76,87,haze
2025-03-07 19:46:17,1.76,87,haze
2025-03-07 19:55:55,1.76,87,haze
2025-03-07 20:18:58,1.76,87,haze
2025-03-07 20:32:43,0.76,93,haze
2025-03-07 20:41:59,0.76,93,haze
2025-03-07 20:51:34,0.76,93,haze
2025-03-07 21:07:31,0.76,93,haze
2025-03-07 21:22:45,3.61,51,overcast clouds
2025-03-07 21:32:47,0.76,93,mist
2025-03-07 21:42:19,0.76,93,mist
2025-03-07 21:51:44,0.76,93,mist
2025-03-07 22:06:56,0.76,93,mist
2025-03-07 22:24:53,-0.24,93,mist
2025-03-07 22:35:06,-0.24,93,mist
2025-03-07 22:44:30,-0.24,93,mist
2025-03-07 22:54:20,-0.24,93,mist
2025-03-07 23:11:16,-0.24,93,mist
2025-03-07 23:22:39,0.76,93,overcast clouds
2025-03-07 23:32:48,0.76,93,broken clouds
2025-03-07 23:42:07,0.76,93,broken clouds
2025-03-07 23:51:44,0.76,93,broken clouds
2025-03-08 00:34:42,3.76,70,broken clouds
2025-03-08 01:41:15,5.76,56,clear sky
2025-03-08 02:19:14,5.74,39,overcast clouds
2025-03-08 02:40:51,8.76,40,clear sky
2025-03-08 02:50:30,8.76,40,clear sky
2025-03-08 02:59:52,8.76,40,clear sky
2025-03-08 03:22:48,8.76,34,clear sky
2025-03-08 03:32:44,8.76,34,clear sky
2025-03-08 03:42:14,8.76,34,clear sky
2025-03-08 03:51:57,8.76,34,clear sky
2025-03-08 04:09:29,8.76,34,clear sky
2025-03-08 04:26:46,9.76,29,clear sky
2025-03-08 04:37:04,9.76,29,clear sky
2025-03-08 04:46:41,9.76,29,clear sky
2025-03-08 04:56:22,9.76,29,clear sky
2025-03-08 05:14:36,9.76,29,clear sky
2025-03-08 05:27:48,9.76,25,clear sky
2025-03-08 05:37:32,9.76,25,clear sky
2025-03-08 05:47:15,9.76,25,clear sky
2025-03-08 05:56:41,9.76,25,clear sky
2025-03-08 06:20:53,9.76,29,clear sky
2025-03-08 06:36:39,9.76,29,clear sky
2025-03-08 06:45:59,9.76,29,clear sky
2025-03-08 06:55:46,9.76,29,clear sky
2025-03-08 07:13:59,9.76,29,clear sky
2025-03-08 07:24:11,8.76,46,clear sky
2025-03-08 07:34:58,8.76,46,clear sky
2025-03-08 07:44:28,8.76,46,clear sky
2025-03-08 07:54:01,8.76,46,clear sky
2025-03-08 08:13:54,8.76,46,clear sky
2025-03-08 08:29:03,7.76,49,clear sky
2025-03-08 08:39:18,7.76,49,clear sky
2025-03-08 08:49:03,7.76,49,clear sky
2025-03-08 08:58:23,7.76,49,clear sky
2025-03-08 09:18:35,6.76,57,clear sky
2025-03-08 09:28:07,6.76,57,clear sky
2025-03-08 09:38:25,6.76,57,clear sky
2025-03-08 09:48:02,6.76,57,clear sky
2025-03-08 09:57:38,6.76,57,clear sky
2025-03-08 10:17:34,5.95,55,few clouds
2025-03-08 10:30:26,4.76,70,clear sky
2025-03-08 10:39:42,4.76,70,clear sky
2025-03-08 10:49:06,4.76,70,clear sky
2025-03-08 10:58:30,4.76,70,clear sky
2025-03-08 11:15:43,4.76,70,clear sky
2025-03-08 11:25:10,5.56,59,few clouds
2025-03-08 11:35:47,3.76,75,clear sky
2025-03-08 11:45:14,3.76,75,clear sky
2025-03-08 11:54:52,3.76,75,clear sky
2025-03-08 12:21:53,5.28,62,few clouds
2025-03-08 12:45:34,3.76,81,clear sky
2025-03-08 12:57:32,3.76,81,clear sky
2025-03-08 13:18:06,5.08,65,clear sky
2025-03-08 13:27:24,2.76,93,clear sky
2025-03-08 13:37:00,2.76,93,clear sky
2025-03-08 13:46:22,2.76,93,clear sky
2025-03-08 13:55:58,2.76,93,clear sky
2025-03-08 14:12:02,2.76,93,clear sky
2025-03-08 14:24:42,0.76,100,mist
2025-03-08 14:35:49,0.76,100,mist
2025-03-08 14:45:25,0.76,100,mist
2025-03-08 14:54:54,0.76,100,mist
2025-03-08 15:12:10,0.76,100,mist
2025-03-08 15:24:18,0.76,100,mist
2025-03-08 15:34:33,0.76,100,mist
2025-03-08 15:44:06,0.76,100,mist
2025-03-08 15:53:50,0.76,100,mist
2025-03-08 16:12:39,4.13,73,clear sky
2025-03-08 16:28:25,-0.24,100,mist
2025-03-08 16:37:51,-0.24,100,mist
2025-03-08 16:47:28,-0.24,100,mist
2025-03-08 16:56:56,-0.24,100,mist
2025-03-08 17:54:27,-1.24,100,mist
2025-03-08 18:15:03,-1.24,100,mist
2025-03-08 18:30:11,-0.24,93,mist
2025-03-08 18:42:10,-1.24,100,mist
2025-03-08 18:49:33,-1.24,100,mist
2025-03-08 18:59:11,-1.24,100,mist
2025-03-08 19:16:09,-1.24,100,mist
2025-03-08 19:25:34,-1.24,100,mist
2025-03-08 19:35:48,-2.24,100,mist
2025-03-08 19:45:08,-2.24,100,mist
2025-03-08 19:54:32,-2.24,100,mist
2025-03-08 20:11:30,-2.24,100,mist
2025-03-08 20:23:47,-2.24,100,mist
2025-03-08 20:34:29,-2.24,100,mist
2025-03-08 20:43:47,-2.24,100,mist
2025-03-08 20:53:25,-2.24,100,mist
2025-03-08 21:09:18,-2.24,100,mist
2025-03-08 21:22:17,3.06,77,clear sky
2025-03-08 21:32:02,-2.24,100,fog
2025-03-08 21:41:21,-2.24,100,fog
2025-03-08 21:51:14,-2.24,100,fog
2025-03-08 22:02:21,-2.24,100,fog
2025-03-08 22:20:38,-2.24,100,fog
2025-03-08 22:30:08,-3.24,100,fog
2025-03-08 22:39:30,-3.24,100,fog
2025-03-08 22:49:29,-3.24,100,fog
2025-03-08 22:59:04,-3.24,100,fog
2025-03-08 23:19:15,-2.24,100,fog
2025-03-08 23:28:37,-1.24,100,fog
2025-03-08 23:39:35,-1.24,100,fog
2025-03-08 23:49:10,-1.24,100,fog
2025-03-08 23:58:47,0.76,100,mist
2025-03-09 01:37:35,6.76,76,mist
2025-03-09 02:22:57,7.76,66,haze
2025-03-09 02:45:53,7.76,66,haze
2025-03-09 02:55:19,7.76,66,haze
2025-03-09 03:15:11,7.76,66,haze
2025-03-09 03:30:02,9.76,57,clear sky
2025-03-09 03:39:14,9.76,57,haze
2025-03-09 03:49:00,9.76,57,haze
2025-03-09 03:58:27,9.76,57,haze
2025-03-09 04:21:15,9.35,41,scattered clouds
2025-03-09 04:32:30,10.76,43,clear sky
2025-03-09 04:42:13,10.76,43,clear sky
2025-03-09 04:51:37,10.76,43,clear sky
2025-03-09 05:06:58,10.76,43,clear sky
2025-03-09 05:23:59,10.1,38,scattered clouds
2025-03-09 05:35:18,10.76,46,clear sky
2025-03-09 05:44:42,10.76,46,clear sky
2025-03-09 05:54:02,10.76,46,clear sky
2025-03-09 06:14:56,10.61,35,scattered clouds
2025-03-09 06:31:35,11.76,43,clear sky
2025-03-09 06:40:52,11.76,43,clear sky
2025-03-09 06:50:29,11.76,43,clear sky
2025-03-09 07:00:00,11.76,43,clear sky
2025-03-09 07:17:34,11.76,43,clear sky
2025-03-09 07:27:16,11.76,47,clear sky
2025-03-09 07:37:18,11.76,47,clear sky
2025-03-09 07:46:58,11.76,47,clear sky
2025-03-09 07:56:19,11.76,47,clear sky
2025-03-09 08:18:47,11.76,47,clear sky
2025-03-09 08:30:14,10.76,54,clear sky
2025-03-09 08:39:23,10.76,54,clear sky
2025-03-09 08:48:56,10.76,54,clear sky
2025-03-09 08:58:34,10.76,54,clear sky
2025-03-09 09:18:53,9.97,40,clear sky
2025-03-09 09:28:17,8.76,61,few clouds
2025-03-09 09:38:21,8.76,61,few clouds
2025-03-09 09:47:47,8.76,61,few clouds
2025-03-09 09:57:13,8.76,61,few clouds
2025-03-09 10:19:10,9.15,44,clear sky
2025-03-09 10:34:30,5.76,75,haze
2025-03-09 10:43:44,5.76,75,haze
2025-03-09 10:53:29,5.76,75,haze
2025-03-09 11:08:24,5.76,75,haze
2025-03-09 11:19:50,8.45,47,clear sky
2025-03-09 11:29:28,3.76,87,clear sky
2025-03-09 11:38:51,3.76,87,haze
2025-03-09 11:48:15,3.76,87,haze
2025-03-09 11:57:51,3.76,87,haze
2025-03-09 12:31:32,2.76,87,mist
2025-03-09 12:49:37,2.76,87,mist
2025-03-09 12:59:14,2.76,87,mist
2025-03-09 13:21:02,7.39,51,clear sky
2025-03-09 13:30:27,2.76,93,mist
2025-03-09 13:40:02,2.76,93,mist
2025-03-09 13:49:26,2.76,93,mist
2025-03-09 13:59:07,2.76,93,mist
2025-03-09 14:17:48,6.86,53,clear sky
2025-03-09 14:28:00,1.76,100,mist
2025-03-09 14:37:25,1.76,100,mist
2025-03-09 14:46:48,1.76,100,mist
2025-03-09 14:56:27,1.76,100,mist
2025-03-09 15:16:45,6.4,54,clear sky
2025-03-09 15:26:56,0.76,100,mist
2025-03-09 15:36:30,0.76,100,mist
2025-03-09 15:45:57,0.76,100,mist
2025-03-09 15:55:20,0.76,100,mist
2025-03-09 16:15:41,0.76,100,mist
2025-03-09 16:30:23,0.76,93,mist
2025-03-09 16:40:03,0.76,93,mist
2025-03-09 16:49:47,0.76,93,mist
2025-03-09 16:59:25,0.76,93,mist
2025-03-09 17:18:40,5.66,57,clear sky
2025-03-09 17:28:50,-0.24,100,mist
2025-03-09 17:38:23,-0.24,100,mist
2025-03-09 17:48:01,-0.24,100,mist
2025-03-09 17:57:25,-0.24,100,mist
2025-03-09 18:21:14,-1.24,100,mist
2025-03-09 18:32:31,-1.24,100,mist
2025-03-09 18:41:49,-1.24,100,mist
2025-03-09 18:51:15,-1.24,100,mist
2025-03-09 19:02:01,-1.24,100,mist
2025-03-09 19:15:09,-1.24,100,mist
2025-03-09 19:24:43,5.12,56,broken clouds
2025-03-09 19:34:39,-2.24,100,mist
2025-03-09 19:44:01,-2.24,100,mist
2025-03-09 19:53:45,-2.24,100,mist
2025-03-09 20:11:33,-1.24,100,fog
2025-03-09 20:26:29,-0.24,93,fog
2025-03-09 20:36:15,-0.24,93,fog
2025-03-09 20:46:02,-2.24,100,fog
2025-03-09 20:55:23,-2.24,100,fog
2025-03-09 21:13:27,-2.24,100,fog
2025-03-09 21:24:23,-2.24,100,fog
2025-03-09 21:35:18,-2.24,100,fog
2025-03-09 21:44:54,-2.24,100,fog
2025-03-09 21:54:26,-2.24,100,fog
2025-03-09 22:11:45,-2.24,100,fog
2025-03-09 22:26:39,-2.24,100,fog
2025-03-09 22:36:19,-2.24,100,fog
2025-03-09 22:45:55,-2.24,100,fog
2025-03-09 22:55:24,-2.24,100,fog
2025-03-09 23:12:12,-2.24,100,fog
2025-03-09 23:22:36,5.04,54,scattered clouds
2025-03-09 23:32:29,-0.24,100,mist
2025-03-09 23:42:08,-0.24,100,mist
2025-03-09 23:51:46,-0.24,100,mist
2025-03-10 00:36:53,3.76,100,mist
2025-03-10 01:47:43,8.76,66,haze
2025-03-10 02:26:46,10.76,54,haze
2025-03-10 02:47:32,10.76,54,haze
2025-03-10 02:57:04,10.76,54,haze
2025-03-10 03:19:44,12.76,47,clear sky
2025-03-10 03:31:16,12.76,47,clear sky
2025-03-10 03:40:45,12.76,47,haze
2025-03-10 03:50:27,12.76,47,haze
2025-03-10 03:59:52,12.76,47,haze
2025-03-10 04:23:18,11.4,34,clear sky
2025-03-10 04:35:31,13.76,38,haze
2025-03-10 04:45:07,13.76,38,haze
2025-03-10 04:54:54,13.76,38,haze
2025-03-10 05:13:04,11.85,34,clear sky
2025-03-10 05:27:31,13.76,38,clear sky
2025-03-10 05:37:15,13.76,38,haze
2025-03-10 05:46:39,13.76,38,haze
2025-03-10 05:56:16,13.76,38,haze
2025-03-10 06:21:47,11.62,36,clear sky
2025-03-10 06:37:06,12.76,41,clear sky
2025-03-10 06:46:33,12.76,41,haze
2025-03-10 06:56:00,12.76,41,haze
2025-03-10 07:15:55,11.18,39,clear sky
2025-03-10 07:26:46,12.76,38,clear sky
2025-03-10 07:37:30,12.76,38,haze
2025-03-10 07:47:06,12.76,38,haze
2025-03-10 07:56:41,12.76,38,haze
2025-03-10 08:21:07,10.4,42,clear sky
2025-03-10 08:34:22,11.76,40,haze
2025-03-10 08:43:51,11.76,40,haze
2025-03-10 08:53:27,11.76,40,haze
2025-03-10 09:11:54,11.76,40,haze
2025-03-10 09:26:46,9.76,46,clear sky
2025-03-10 09:36:37,9.76,46,haze
2025-03-10 09:45:58,9.76,46,haze
2025-03-10 09:55:44,9.76,46,haze
2025-03-10 10:16:26,9.76,46,haze
2025-03-10 10:32:21,6.76,65,clear sky
2025-03-10 10:41:45,6.76,65,haze
2025-03-10 10:51:16,6.76,65,haze
2025-03-10 11:03:05,6.76,65,haze
2025-03-10 11:19:28,6.76,65,haze
2025-03-10 11:28:48,5.76,70,haze
2025-03-10 11:38:56,5.76,70,haze
2025-03-10 11:48:33,5.76,70,haze
2025-03-10 11:58:03,5.76,70,haze
2025-03-10 12:45:26,4.76,75,haze
2025-03-10 13:15:19,7.37,55,clear sky
2025-03-10 13:38:29,3.76,75,haze
2025-03-10 13:48:31,3.76,75,haze
2025-03-10 13:58:04,3.76,75,haze
2025-03-10 14:22:18,0.76,93,clear sky
2025-03-10 14:40:01,0.76,93,haze
2025-03-10 14:49:45,0.76,93,haze
2025-03-10 14:59:34,0.76,93,haze
2025-03-10 15:26:26,0.76,100,mist
2025-03-10 15:38:32,0.76,100,mist
2025-03-10 15:48:17,0.76,100,mist
2025-03-10 15:57:59,0.76,100,mist
2025-03-10 16:26:23,0.76,93,mist
2025-03-10 16:45:19,0.76,93,mist
2025-03-10 16:55:48,0.76,93,mist
2025-03-10 17:16:08,0.76,93,mist
2025-03-10 17:32:46,-0.24,100,mist
2025-03-10 17:42:40,-0.24,100,mist
2025-03-10 17:52:40,-0.24,100,mist
2025-03-10 18:13:02,5.49,61,clear sky
2025-03-10 18:37:54,-0.24,100,mist
2025-03-10 18:50:14,-0.24,100,mist
2025-03-10 18:59:36,-0.24,100,mist
2025-03-10 19:19:49,5.24,60,overcast clouds
2025-03-10 19:29:22,-1.24,100,mist
2025-03-10 19:39:15,-1.24,100,mist
2025-03-10 19:48:37,-1.24,100,mist
2025-03-10 19:58:17,-1.24,100,mist
2025-03-10 20:24:56,-0.24,100,mist
2025-03-10 20:38:35,-0.24,100,mist
2025-03-10 20:48:22,-0.24,100,mist
2025-03-10 20:58:06,-0.24,100,mist
2025-03-10 21:20:36,5.05,60,overcast clouds
2025-03-10 21:31:19,-0.24,100,mist
2025-03-10 21:41:05,-0.24,100,mist
2025-03-10 21:50:31,-0.24,100,mist
2025-03-10 22:00:01,-0.24,100,mist
2025-03-10 22:24:16,-0.22,86,mist
2025-03-10 22:38:32,-0.24,100,mist
2025-03-10 22:48:14,-0.24,100,mist
2025-03-10 22:57:38,-0.24,100,mist
2025-03-10 23:19:52,5.35,58,overcast clouds
2025-03-10 23:30:40,0.76,100,mist
2025-03-10 23:40:35,0.76,100,mist
2025-03-10 23:49:58,0.76,100,mist
2025-03-10 23:59:40,0.76,100,mist
2025-03-11 01:55:04,9.76,57,haze
2025-03-11 02:53:54,11.76,47,haze
2025-03-11 03:23:46,10.81,31,scattered clouds
2025-03-11 03:44:27,12.76,47,haze
2025-03-11 03:53:52,12.76,47,haze
2025-03-11 04:16:13,12.01,28,scattered clouds
2025-03-11 04:37:09,13.76,44,clear sky
2025-03-11 04:48:52,13.76,44,clear sky
2025-03-11 04:58:25,13.76,44,clear sky
2025-03-11 05:22:13,12.65,26,few clouds
2025-03-11 05:37:21,14.76,41,clear sky
2025-03-11 05:47:02,14.76,41,clear sky
2025-03-11 05:56:33,14.76,41,clear sky
2025-03-11 06:27:10,14.76,38,clear sky
2025-03-11 06:46:50,14.76,38,clear sky
2025-03-11 06:56:31,14.76,38,clear sky
2025-03-11 07:18:02,13.64,24,clear sky
2025-03-11 07:29:59,13.76,47,clear sky
2025-03-11 07:39:39,13.76,47,clear sky
2025-03-11 07:49:13,13.76,47,clear sky
2025-03-11 07:58:57,13.76,47,clear sky
2025-03-11 08:30:53,12.76,50,clear sky
2025-03-11 08:46:46,12.76,50,clear sky
2025-03-11 08:56:23,12.76,50,clear sky
2025-03-11 09:20:13,12.69,29,clear sky
2025-03-11 09:35:34,10.76,54,clear sky
2025-03-11 09:45:05,10.76,54,clear sky
2025-03-11 09:54:50,10.76,54,clear sky
2025-03-11 10:17:03,11.29,36,clear sky
2025-03-11 10:39:03,8.76,61,clear sky
2025-03-11 10:49:33,8.76,61,clear sky
2025-03-11 10:59:09,8.76,61,clear sky
2025-03-11 11:20:13,6.76,65,clear sky
2025-03-11 11:29:50,6.76,65,clear sky
2025-03-11 11:39:48,6.76,65,clear sky
2025-03-11 11:49:32,6.76,65,clear sky
2025-03-11 11:58:50,6.76,65,clear sky
2025-03-11 12:49:30,5.76,70,clear sky
2025-03-11 13:16:34,9.53,43,overcast clouds
2025-03-11 13:38:16,4.76,75,clear sky
2025-03-11 13:47:53,4.76,75,clear sky
2025-03-11 13:57:38,4.76,75,clear sky
2025-03-11 14:21:28,9.26,44,overcast clouds
2025-03-11 14:39:47,4.76,81,clear sky
2025-03-11 14:49:35,4.76,81,clear sky
2025-03-11 14:59:03,4.76,81,clear sky
2025-03-11 15:27:07,3.76,87,clear sky
2025-03-11 15:41:53,3.76,87,clear sky
2025-03-11 15:51:13,3.76,87,clear sky
2025-03-11 16:10:25,8.33,46,overcast clouds
2025-03-11 16:38:31,3.76,93,clear sky
2025-03-11 16:52:47,3.76,93,clear sky
2025-03-11 17:10:35,7.84,48,overcast clouds
2025-03-11 17:30:50,3.76,93,clear sky
2025-03-11 17:42:40,3.76,93,clear sky
2025-03-11 17:52:10,3.76,93,clear sky
2025-03-11 18:14:05,3.76,93,clear sky
2025-03-11 18:41:13,3.76,93,mist
2025-03-11 18:52:23,3.76,93,mist
2025-03-11 19:08:40,3.76,93,mist
2025-03-11 19:24:46,7.78,48,overcast clouds
2025-03-11 19:35:39,4.76,81,mist
2025-03-11 19:45:05,4.76,81,mist
2025-03-11 19:54:28,4.76,81,mist
2025-03-11 20:16:08,4.76,81,mist
2025-03-11 20:32:31,4.76,93,overcast clouds
2025-03-11 20:44:08,4.76,93,mist
2025-03-11 20:53:16,4.76,93,mist
2025-03-11 21:09:39,4.76,93,mist
2025-03-11 21:22:44,7.4,51,overcast clouds
2025-03-11 21:33:45,3.76,93,mist
2025-03-11 21:43:19,3.76,93,mist
2025-03-11 21:52:51,3.76,93,mist
2025-03-11 22:10:34,7.22,51,overcast clouds
2025-03-11 22:31:07,4.76,93,overcast clouds
2025-03-11 22:42:45,4.76,93,mist
2025-03-11 22:52:18,4.76,93,mist
2025-03-11 23:09:31,7.61,50,overcast clouds
2025-03-11 23:26:09,7.61,50,overcast clouds
2025-03-11 23:37:18,6.76,76,mist
2025-03-11 23:46:53,6.76,76,mist
2025-03-11 23:56:22,6.76,76,mist
2025-03-12 01:24:24,9.76,62,overcast clouds
2025-03-12 02:39:36,9.76,57,haze
2025-03-12 03:15:58,9.76,57,haze
2025-03-12 03:40:46,11.76,47,haze
2025-03-12 03:51:19,11.76,47,haze
2025-03-12 04:10:20,11.76,47,haze
2025-03-12 04:34:42,10.76,54,haze
2025-03-12 04:48:34,10.76,54,haze
2025-03-12 04:58:01,10.76,54,haze
2025-03-12 05:21:34,9.76,57,overcast clouds
2025-03-12 05:37:22,9.76,57,haze
2025-03-12 05:47:01,9.76,57,haze
2025-03-12 05:56:23,9.76,57,haze
2025-03-12 06:26:53,9.76,71,overcast clouds
2025-03-12 06:47:31,9.76,71,overcast clouds
2025-03-12 06:57:04,9.76,71,overcast clouds
2025-03-12 07:20:35,7.76,100,mist
2025-03-12 07:32:16,7.76,100,mist
2025-03-12 07:41:50,7.76,100,mist
2025-03-12 07:51:12,7.76,100,mist
2025-03-12 08:11:25,7.76,100,mist
2025-03-12 08:36:05,7.76,100,light intensity drizzle
2025-03-12 08:50:28,7.76,100,light intensity drizzle
2025-03-12 08:59:58,7.76,100,mist
2025-03-12 09:26:24,6.76,100,mist
2025-03-12 09:39:54,6.76,100,mist
2025-03-12 09:49:42,6.76,100,mist
2025-03-12 09:59:20,6.76,100,mist
2025-03-12 10:26:18,8.52,82,overcast clouds
2025-03-12 10:42:32,6.76,100,mist
2025-03-12 10:52:12,6.76,100,mist
2025-03-12 11:08:41,6.76,100,mist
2025-03-12 11:24:21,6.76,100,mist
2025-03-12 11:35:32,6.76,100,mist
2025-03-12 11:45:07,6.76,100,mist
2025-03-12 11:54:45,6.76,100,mist
2025-03-12 12:30:30,6.76,100,mist
2025-03-12 13:03:24,6.76,100,mist
2025-03-12 13:33:00,5.76,100,mist
2025-03-12 13:45:20,5.76,100,mist
2025-03-12 13:54:48,5.76,100,mist
2025-03-12 14:14:58,5.76,100,mist
2025-03-12 14:36:18,5.76,100,mist
2025-03-12 14:47:08,5.76,100,mist
2025-03-12 14:57:00,5.76,100,mist
2025-03-12 15:22:16,3.76,100,mist
2025-03-12 15:38:56,3.76,100,mist
2025-03-12 15:49:29,3.76,100,mist
2025-03-12 15:58:56,3.76,100,mist
2025-03-12 16:31:17,4.76,100,mist
2025-03-12 16:49:33,4.76,100,mist
2025-03-12 16:58:53,4.76,100,mist
2025-03-12 17:21:57,5.91,69,overcast clouds
2025-03-12 17:36:38,3.76,100,mist
2025-03-12 17:46:33,3.76,100,mist
2025-03-12 17:55:58,3.76,100,mist
2025-03-12 18:25:24,2.76,100,mist
2025-03-12 18:46:12,2.76,100,mist
2025-03-12 18:55:46,2.76,100,mist
2025-03-12 19:13:49,2.76,100,mist
2025-03-12 19:25:14,2.76,100,fog
2025-03-12 19:37:08,2.76,100,fog
2025-03-12 19:46:05,2.76,100,fog
2025-03-12 20:00:41,2.76,100,fog
2025-03-12 20:18:54,5.36,80,overcast clouds
2025-03-12 20:34:45,1.76,100,fog
2025-03-12 20:44:39,1.76,100,fog
2025-03-12 20:54:25,1.76,100,fog
2025-03-12 21:13:31,1.76,100,fog
2025-03-12 21:29:39,1.76,100,fog
2025-03-12 21:41:37,1.76,100,fog
2025-03-12 21:50:58,1.76,100,fog
2025-03-12 22:00:38,1.76,100,fog
2025-03-12 22:25:00,5.14,72,overcast clouds
2025-03-12 22:38:50,1.76,100,fog
2025-03-12 22:48:15,1.76,100,fog
2025-03-12 22:57:37,1.76,100,fog
2025-03-12 23:21:15,5.75,64,overcast clouds
2025-03-12 23:32:55,1.76,100,fog
2025-03-12 23:43:08,1.76,100,fog
2025-03-12 23:52:27,1.76,100,fog
2025-03-13 00:51:59,3.76,93,fog
2025-03-13 02:17:21,6.76,81,few clouds
2025-03-13 03:05:34,10.76,54,haze
2025-03-13 03:38:48,11.76,26,haze
2025-03-13 03:54:03,11.76,26,haze
2025-03-13 04:16:27,11.75,13,overcast clouds
2025-03-13 04:37:46,12.76,28,haze
2025-03-13 04:50:03,12.76,28,haze
2025-03-13 04:59:21,12.76,28,haze
2025-03-13 05:24:04,13.76,21,clear sky
2025-03-13 05:38:53,13.76,21,haze
2025-03-13 05:48:31,13.76,21,haze
2025-03-13 05:58:11,13.76,21,haze
2025-03-13 06:31:40,14.76,20,sand
2025-03-13 06:48:18,14.76,20,sand
2025-03-13 06:57:59,14.76,20,sand
2025-03-13 07:20:57,14.62,12,overcast clouds
2025-03-13 07:30:53,14.76,25,clear sky
2025-03-13 07:40:30,14.76,25,sand
2025-03-13 07:50:05,14.76,25,sand
2025-03-13 07:59:45,14.76,25,sand
2025-03-13 08:31:48,13.76,26,sand
2025-03-13 08:48:14,13.76,26,sand
2025-03-13 08:57:57,13.76,26,sand
2025-03-13 09:23:42,13.7,14,broken clouds
2025-03-13 09:38:01,11.76,30,clear sky
2025-03-13 09:47:53,11.76,30,clear sky
2025-03-13 09:57:15,11.76,30,clear sky
2025-03-13 10:22:11,12.56,16,broken clouds
2025-03-13 10:40:24,8.76,34,clear sky
2025-03-13 10:50:00,8.76,34,clear sky
2025-03-13 10:59:31,8.76,34,clear sky
2025-03-13 11:20:19,11.49,19,broken clouds
2025-03-13 11:29:59,4.76,52,clear sky
2025-03-13 11:39:57,4.76,52,clear sky
2025-03-13 11:49:36,4.76,52,clear sky
2025-03-13 11:59:14,4.76,52,clear sky
2025-03-13 12:49:48,5.76,52,clear sky
2025-03-13 13:16:56,10.33,22,broken clouds
2025-03-13 13:38:32,5.76,56,clear sky
2025-03-13 13:48:12,5.76,56,clear sky
2025-03-13 13:57:46,5.76,56,clear sky
2025-03-13 14:20:37,9.82,22,overcast clouds
2025-03-13 14:38:13,3.76,70,clear sky
2025-03-13 14:47:55,3.76,70,clear sky
2025-03-13 14:57:34,3.76,70,clear sky
2025-03-13 15:24:19,9.23,23,overcast clouds
2025-03-13 15:39:46,3.76,70,clear sky
2025-03-13 15:49:31,3.76,70,clear sky
2025-03-13 15:58:59,3.76,70,clear sky
2025-03-13 16:31:44,3.76,70,clear sky
2025-03-13 16:50:20,3.76,70,clear sky
2025-03-13 16:59:55,3.76,70,clear sky
2025-03-13 17:21:32,8.34,26,overcast clouds
2025-03-13 17:35:43,8.34,26,overcast clouds
2025-03-13 17:45:09,7.84,27,overcast clouds
2025-03-13 17:54:45,7.84,27,overcast clouds
2025-03-13 18:20:57,7.84,27,overcast clouds
2025-03-13 18:42:25,7.41,28,few clouds
2025-03-13 18:52:23,7.68,28,scattered clouds
2025-03-13 19:08:33,7.68,28,scattered clouds
2025-03-13 19:22:37,7.68,28,scattered clouds
2025-03-13 19:33:37,7.68,28,scattered clouds
2025-03-13 19:43:22,7.29,29,few clouds
2025-03-13 19:53:05,7.29,29,few clouds
2025-03-13 20:13:04,7.29,29,few clouds
2025-03-13 20:31:19,7.29,29,few clouds
2025-03-13 20:43:02,7.04,29,few clouds
2025-03-13 20:52:29,7.04,29,few clouds
2025-03-13 21:09:55,7.04,29,few clouds
2025-03-13 21:26:48,7.04,29,few clouds
2025-03-13 21:38:28,6.78,30,few clouds
2025-03-13 21:48:12,6.78,30,few clouds
2025-03-13 21:57:44,6.78,30,few clouds
2025-03-13 22:19:45,6.78,30,few clouds
2025-03-13 22:35:24,6.78,30,few clouds
2025-03-13 22:44:54,7.51,28,clear sky
2025-03-13 22:54:45,7.51,28,clear sky
2025-03-13 23:14:15,7.51,28,clear sky
2025-03-13 23:28:45,7.51,28,clear sky
2025-03-13 23:39:30,9.18,24,clear sky
2025-03-13 23:49:16,9.18,24,clear sky
2025-03-13 23:58:59,9.18,24,clear sky
2025-03-14 01:53:25,12.17,20,clear sky
2025-03-14 02:50:19,13.56,18,clear sky
2025-03-14 03:19:16,13.56,18,clear sky
2025-03-14 03:44:38,14.98,17,clear sky
2025-03-14 03:54:58,14.98,17,clear sky
2025-03-14 04:18:17,14.98,17,clear sky
2025-03-14 04:37:37,14.98,17,clear sky
2025-03-14 04:47:30,16.1,16,clear sky
2025-03-14 04:56:55,16.1,16,clear sky
2025-03-14 05:18:39,16.1,16,clear sky
2025-03-14 05:34:48,16.9,16,clear sky
2025-03-14 05:44:27,16.9,16,clear sky
2025-03-14 05:54:01,16.9,16,clear sky
2025-03-14 06:19:06,16.9,16,clear sky
2025-03-14 06:41:54,16.91,16,overcast clouds
2025-03-14 06:51:56,16.95,14,clear sky
2025-03-14 07:09:08,16.95,14,clear sky
2025-03-14 07:27:04,16.95,14,clear sky
2025-03-14 07:37:25,16.83,14,clear sky
2025-03-14 07:46:45,16.83,14,clear sky
2025-03-14 07:56:28,16.83,14,clear sky
2025-03-14 08:23:53,16.83,14,clear sky
2025-03-14 08:41:04,16.46,15,clear sky
2025-03-14 08:52:02,16.46,15,clear sky
2025-03-14 09:10:33,16.46,15,clear sky
2025-03-14 09:29:30,16.46,15,clear sky
2025-03-14 09:41:02,15.52,16,scattered clouds
2025-03-14 09:50:30,15.52,16,scattered clouds
2025-03-14 10:00:05,15.52,16,scattered clouds
2025-03-14 10:26:37,15.52,16,scattered clouds
2025-03-14 10:41:25,14.64,18,scattered clouds
2025-03-14 10:51:00,14.64,18,scattered clouds
2025-03-14 11:06:25,14.64,18,scattered clouds
2025-03-14 11:22:38,14.64,18,scattered clouds
2025-03-14 11:33:15,13.77,21,broken clouds
2025-03-14 11:42:36,13.77,21,broken clouds
2025-03-14 11:52:17,13.77,21,broken clouds
2025-03-14 12:18:40,13.77,21,broken clouds
2025-03-14 12:54:29,13.05,23,overcast clouds
2025-03-14 13:21:25,13.05,23,overcast clouds
2025-03-14 13:37:14,10.76,40,clear sky
2025-03-14 13:46:54,10.76,40,clear sky
2025-03-14 13:56:36,10.76,40,clear sky
2025-03-14 14:17:33,12.51,25,overcast clouds
2025-03-14 14:35:03,8.76,46,clear sky
2025-03-14 14:44:48,8.76,46,clear sky
2025-03-14 14:54:21,8.76,46,clear sky
2025-03-14 15:14:36,8.76,46,clear sky
2025-03-14 15:31:52,8.76,49,clear sky
2025-03-14 15:44:03,8.76,49,clear sky
2025-03-14 15:53:27,8.76,49,clear sky
2025-03-14 16:15:01,11.48,36,overcast clouds
2025-03-14 16:38:44,8.76,46,clear sky
2025-03-14 16:50:27,8.76,46,clear sky
2025-03-14 17:00:20,8.76,46,clear sky
2025-03-14 17:19:55,11.08,40,overcast clouds
2025-03-14 17:31:58,8.76,46,clear sky
2025-03-14 17:41:41,8.76,46,clear sky
2025-03-14 17:51:33,8.76,46,clear sky
2025-03-14 18:11:58,8.76,46,clear sky
2025-03-14 18:36:39,7.76,49,clear sky
2025-03-14 18:49:23,7.76,49,clear sky
2025-03-14 18:59:03,7.76,49,clear sky
2025-03-14 19:20:37,10.42,42,overcast clouds
2025-03-14 19:29:58,6.76,57,clear sky
2025-03-14 19:40:19,6.76,57,clear sky
2025-03-14 19:49:43,6.76,57,clear sky
2025-03-14 19:59:11,6.76,57,clear sky
2025-03-14 20:25:27,10.08,46,overcast clouds
2025-03-14 20:38:00,10.76,46,clear sky
2025-03-14 20:47:28,10.76,46,clear sky
2025-03-14 20:57:15,10.76,46,clear sky
2025-03-14 21:19:35,9.65,48,overcast clouds
2025-03-14 21:32:56,9.76,50,clear sky
2025-03-14 21:42:34,9.76,50,clear sky
2025-03-14 21:52:14,9.76,50,clear sky
2025-03-14 22:09:08,9.76,50,clear sky
2025-03-14 22:30:12,9.76,43,clear sky
2025-03-14 22:41:57,9.76,43,clear sky
2025-03-14 22:51:36,9.76,43,clear sky
2025-03-14 23:08:31,8.73,53,overcast clouds
2025-03-14 23:28:14,10.76,40,clear sky
2025-03-14 23:39:42,10.76,40,clear sky
2025-03-14 23:49:31,10.76,40,clear sky
2025-03-14 23:58:59,10.76,40,clear sky
2025-03-15 01:52:22,11.76,32,clear sky
2025-03-15 02:45:56,11.27,44,broken clouds
2025-03-15 03:15:16,11.27,44,broken clouds
2025-03-15 03:40:49,14.76,25,clear sky
2025-03-15 03:51:43,14.76,25,clear sky
2025-03-15 04:10:29,14.76,25,clear sky
2025-03-15 04:32:07,15.76,23,clear sky
2025-03-15 04:44:13,15.76,23,clear sky
2025-03-15 04:53:29,15.76,23,clear sky
2025-03-15 05:11:59,15.76,23,clear sky
2025-03-15 05:30:30,15.76,23,clear sky
2025-03-15 05:41:34,15.76,23,clear sky
2025-03-15 05:51:22,15.76,23,clear sky
2025-03-15 06:10:53,15.76,23,clear sky
2025-03-15 06:35:05,15.76,23,clear sky
2025-03-15 06:47:01,15.76,23,clear sky
2025-03-15 06:56:28,15.76,23,clear sky
2025-03-15 07:16:54,13.49,34,overcast clouds
2025-03-15 07:28:30,16.76,23,clear sky
2025-03-15 07:38:31,16.76,23,clear sky
2025-03-15 07:48:01,16.76,23,clear sky
2025-03-15 07:57:33,16.76,23,clear sky
2025-03-15 08:25:18,14.76,33,clear sky
2025-03-15 08:40:32,14.76,33,clear sky
2025-03-15 08:50:04,14.76,33,clear sky
2025-03-15 08:59:37,14.76,33,clear sky
2025-03-15 09:22:17,11.76,47,clear sky
2025-03-15 09:32:45,11.76,47,clear sky
2025-03-15 09:42:22,11.76,47,clear sky
2025-03-15 09:51:57,11.76,47,clear sky
2025-03-15 10:09:05,11.76,47,clear sky
2025-03-15 10:32:12,10.76,50,clear sky
2025-03-15 10:42:59,10.76,50,clear sky
2025-03-15 10:52:34,10.76,50,clear sky
2025-03-15 11:08:01,10.76,50,clear sky
2025-03-15 11:21:33,8.76,61,light rain
2025-03-15 11:31:36,8.76,61,light rain
2025-03-15 11:41:05,8.76,61,clear sky
2025-03-15 11:50:47,8.76,61,clear sky
2025-03-15 12:00:08,8.76,61,clear sky
2025-03-15 12:43:58,8.76,66,clear sky
2025-03-15 13:03:02,8.76,66,clear sky
2025-03-15 13:26:59,8.76,61,light rain
2025-03-15 13:38:16,8.76,61,light rain
2025-03-15 13:47:54,8.76,61,light rain
2025-03-15 13:57:20,8.76,61,light rain
2025-03-15 14:18:50,9.25,61,light rain
2025-03-15 14:32:59,8.76,66,clear sky
2025-03-15 14:42:56,8.76,66,clear sky
2025-03-15 14:52:37,8.76,66,light rain
2025-03-15 15:09:41,8.76,66,clear sky
2025-03-15 15:26:51,8.65,61,light rain
2025-03-15 15:37:43,8.76,66,light rain
2025-03-15 15:47:28,8.76,66,light rain
2025-03-15 15:57:17,8.76,66,light rain
2025-03-15 16:22:46,8.76,61,overcast clouds
2025-03-15 16:39:24,8.76,61,light rain
2025-03-15 16:48:52,8.76,61,light rain
2025-03-15 16:58:30,8.76,61,light rain
2025-03-15 17:19:12,7.87,62,moderate rain
2025-03-15 17:31:39,6.76,70,light rain
2025-03-15 17:41:25,6.76,70,light rain
2025-03-15 17:51:02,6.76,70,light rain
2025-03-15 18:09:09,6.76,70,light rain
2025-03-15 18:33:47,6.76,76,light rain
2025-03-15 18:46:24,6.76,76,light rain
2025-03-15 18:55:56,6.76,76,light rain
2025-03-15 19:12:44,6.76,76,light rain
2025-03-15 19:25:01,5.76,81,light rain
2025-03-15 19:35:29,5.76,81,light rain
2025-03-15 19:44:59,5.76,81,light rain
2025-03-15 19:54:20,5.76,81,light rain
2025-03-15 20:14:02,6.82,70,light rain
2025-03-15 20:29:46,4.76,93,light rain
2025-03-15 20:40:07,4.76,93,light rain
2025-03-15 20:49:52,4.76,93,light rain
2025-03-15 20:59:20,4.76,93,light rain
2025-03-15 21:23:04,4.76,100,light rain
2025-03-15 21:33:53,4.76,100,light rain
2025-03-15 21:43:20,4.76,100,light rain
2025-03-15 21:52:54,4.76,100,light rain
2025-03-15 22:10:27,4.76,100,light rain
2025-03-15 22:30:56,4.76,100,light rain
2025-03-15 22:42:02,4.76,100,light rain
2025-03-15 22:51:41,4.76,100,light rain
2025-03-15 23:08:03,4.76,100,light rain
2025-03-15 23:24:32,5.79,78,light rain
2025-03-15 23:35:04,4.76,81,light rain
2025-03-15 23:44:40,4.76,81,light rain
2025-03-15 23:54:02,4.76,81,light rain
2025-03-16 01:10:43,3.76,93,light rain
2025-03-16 02:40:19,4.76,75,light rain
2025-03-16 03:20:58,5.69,34,overcast clouds
2025-03-16 03:45:18,4.76,65,broken clouds
2025-03-16 03:55:13,4.76,65,broken clouds
2025-03-16 04:18:55,6.48,27,overcast clouds
2025-03-16 04:38:51,6.76,45,broken clouds
2025-03-16 04:48:47,6.76,45,broken clouds
2025-03-16 04:57:59,6.76,45,broken clouds
2025-03-16 05:19:44,6.33,21,overcast clouds
2025-03-16 05:33:16,7.76,36,scattered clouds
2025-03-16 05:42:53,7.76,36,scattered clouds
2025-03-16 05:52:37,7.76,36,scattered clouds
2025-03-16 06:13:47,5.92,19,overcast clouds
2025-03-16 06:36:58,7.76,34,clear sky
2025-03-16 06:47:39,7.76,34,clear sky
2025-03-16 06:56:59,7.76,34,clear sky
2025-03-16 07:16:55,5.51,18,clear sky
2025-03-16 07:28:50,6.76,29,clear sky
2025-03-16 07:38:24,6.76,29,clear sky
2025-03-16 07:47:45,6.76,29,clear sky
2025-03-16 07:57:04,6.76,29,light rain
2025-03-16 08:23:46,4.76,28,clear sky
2025-03-16 08:38:24,4.76,28,clear sky
2025-03-16 08:47:53,4.76,28,clear sky
2025-03-16 08:57:38,4.76,28,clear sky
2025-03-16 09:19:51,4.65,19,clear sky
2025-03-16 09:30:14,2.76,32,clear sky
2025-03-16 09:39:46,2.76,32,clear sky
2025-03-16 09:49:20,2.76,32,clear sky
2025-03-16 09:58:53,2.76,32,clear sky
2025-03-16 10:23:58,2.76,35,clear sky
2025-03-16 10:38:09,2.76,35,clear sky
2025-03-16 10:47:52,2.76,35,clear sky
2025-03-16 10:57:36,2.76,35,clear sky
2025-03-16 11:17:34,2.86,24,few clouds
2025-03-16 11:28:59,1.76,41,clear sky
2025-03-16 11:38:32,1.76,41,light snow
2025-03-16 11:48:19,1.76,41,light snow
2025-03-16 11:57:57,1.76,41,clear sky
2025-03-16 12:39:30,1.76,38,snow
2025-03-16 13:02:01,1.76,38,clear sky
2025-03-16 13:27:20,0.76,44,clear sky
2025-03-16 13:40:19,0.76,44,clear sky
2025-03-16 13:49:46,0.76,44,clear sky
2025-03-16 13:59:11,0.76,44,clear sky
2025-03-16 14:20:11,2.09,40,overcast clouds
2025-03-16 14:32:25,0.76,47,clear sky
2025-03-16 14:42:05,0.76,47,clear sky
2025-03-16 14:51:40,0.76,47,clear sky
2025-03-16 15:07:28,0.76,47,clear sky
2025-03-16 15:26:03,0.76,47,clear sky
2025-03-16 15:37:02,0.76,47,clear sky
2025-03-16 15:46:38,0.76,47,clear sky
2025-03-16 15:56:11,0.76,47,clear sky
2025-03-16 16:20:02,0.76,44,clear sky
2025-03-16 16:40:08,0.76,44,clear sky
2025-03-16 16:49:55,0.76,44,clear sky
2025-03-16 16:59:47,0.76,44,clear sky
2025-03-16 17:20:21,0.76,44,clear sky
2025-03-16 17:32:22,0.76,44,clear sky
2025-03-16 17:41:42,0.76,44,clear sky
2025-03-16 17:51:30,0.76,44,clear sky
2025-03-16 18:10:54,0.36,26,broken clouds
2025-03-16 18:36:05,-0.24,51,clear sky
2025-03-16 18:48:22,-0.24,51,clear sky
2025-03-16 18:57:40,-0.24,51,clear sky
2025-03-16 19:15:39,0.05,26,clear sky
2025-03-16 19:25:09,-1.24,51,clear sky
2025-03-16 19:35:39,-1.24,51,clear sky
2025-03-16 19:45:26,-1.24,51,clear sky
2025-03-16 19:54:53,-1.24,51,clear sky
2025-03-16 20:16:31,-0.33,28,clear sky
2025-03-16 20:31:13,-2.24,50,clear sky
2025-03-16 20:41:53,-2.24,50,clear sky
2025-03-16 20:51:26,-2.24,50,clear sky
2025-03-16 21:06:52,-2.24,50,clear sky
2025-03-16 21:23:34,-1.24,47,clear sky
2025-03-16 21:34:05,-1.24,47,clear sky
2025-03-16 21:43:44,-1.24,47,clear sky
2025-03-16 21:53:18,-1.24,47,clear sky
2025-03-16 22:10:58,-1.24,47,clear sky
2025-03-16 22:29:53,-1.24,51,clear sky
2025-03-16 22:40:42,-1.24,51,clear sky
2025-03-16 22:50:11,-1.24,51,clear sky
2025-03-16 22:59:25,-1.24,51,clear sky
2025-03-16 23:23:26,0.76,44,clear sky
2025-03-16 23:35:45,0.76,44,clear sky
2025-03-16 23:45:00,0.76,44,clear sky
2025-03-16 23:54:37,0.76,44,clear sky
2025-03-17 01:13:16,1.76,38,clear sky
2025-03-17 02:39:40,4.76,26,clear sky
2025-03-17 03:20:12,3.07,18,broken clouds
2025-03-17 03:45:23,5.76,26,clear sky
2025-03-17 03:55:45,5.76,26,clear sky
2025-03-17 04:21:27,3.72,18,overcast clouds
2025-03-17 04:40:17,4.76,28,clear sky
2025-03-17 04:50:35,4.76,28,clear sky
2025-03-17 05:00:13,4.76,28,clear sky
2025-03-17 05:25:42,5.76,31,clear sky
2025-03-17 05:39:35,5.76,31,clear sky
2025-03-17 05:49:14,5.76,31,clear sky
2025-03-17 05:58:44,5.76,31,clear sky
2025-03-17 06:34:25,5.76,33,clear sky
2025-03-17 06:49:48,5.76,33,clear sky
2025-03-17 06:59:29,5.76,33,clear sky
2025-03-17 07:24:31,4.76,36,clear sky
2025-03-17 07:36:42,4.76,36,clear sky
2025-03-17 07:46:29,4.76,36,clear sky
2025-03-17 07:55:48,4.76,36,clear sky
2025-03-17 08:24:03,3.96,30,overcast clouds
2025-03-17 08:43:27,4.76,42,clear sky
2025-03-17 08:53:54,4.76,42,clear sky
2025-03-17 09:15:48,3.68,34,overcast clouds
2025-03-17 09:33:28,3.76,41,clear sky
2025-03-17 09:43:59,3.76,41,clear sky
2025-03-17 09:53:19,3.76,41,clear sky
2025-03-17 10:14:08,3.29,41,overcast clouds
2025-03-17 10:37:43,2.76,48,clear sky
2025-03-17 10:48:30,2.76,48,clear sky
2025-03-17 10:58:08,2.76,48,clear sky
2025-03-17 11:18:49,3.76,52,overcast clouds
2025-03-17 11:28:45,3.76,52,overcast clouds
2025-03-17 11:39:34,3.76,52,overcast clouds
2025-03-17 11:49:19,3.76,52,overcast clouds
2025-03-17 11:58:48,3.76,52,overcast clouds
2025-03-17 12:50:33,3.76,52,overcast clouds
2025-03-17 13:18:00,3.32,51,light rain
2025-03-17 13:40:31,3.76,52,light rain
2025-03-17 13:50:14,3.76,52,light rain
2025-03-17 13:59:48,3.76,52,light rain
2025-03-17 14:25:26,2.76,70,snow
2025-03-17 14:41:11,0.76,93,snow
2025-03-17 14:50:34,0.76,93,snow
2025-03-17 15:00:12,0.76,93,light snow
2025-03-17 15:27:12,-0.24,100,snow
2025-03-17 15:41:51,-0.24,100,snow
2025-03-17 15:51:25,-0.24,100,snow
2025-03-17 16:11:33,-0.24,100,snow
2025-03-17 16:38:19,-0.24,100,snow
2025-03-17 16:52:37,-0.24,100,snow
2025-03-17 17:10:06,-0.24,100,snow
2025-03-17 17:29:58,0.76,100,snow
2025-03-17 17:41:50,0.76,100,snow
2025-03-17 17:51:34,0.76,100,snow
2025-03-17 18:12:32,0.76,100,snow
2025-03-17 18:37:56,0.76,100,snow
2025-03-17 18:50:39,0.76,100,snow
2025-03-17 19:00:14,0.76,100,mist
2025-03-17 19:19:32,0.76,100,light snow
2025-03-17 19:28:57,-0.24,100,light snow
2025-03-17 19:39:26,-0.24,100,light snow
2025-03-17 19:48:55,-0.24,100,light snow
2025-03-17 19:58:31,-0.24,100,light snow
2025-03-17 20:25:31,0.76,100,snow
2025-03-17 20:39:25,0.76,100,snow
2025-03-17 20:49:09,0.76,100,snow
2025-03-17 21:02:27,0.76,100,snow
2025-03-17 21:24:07,0.76,93,light snow
2025-03-17 21:35:50,0.76,93,light snow
2025-03-17 21:45:23,0.76,93,light snow
2025-03-17 21:54:47,0.76,93,light snow
2025-03-17 22:15:11,-0.16,92,light snow
2025-03-17 22:34:28,0.76,100,light snow
2025-03-17 22:45:10,0.76,100,light snow
2025-03-17 22:54:58,0.76,100,snow
2025-03-17 23:15:03,0.76,93,snow
2025-03-17 23:29:41,0.76,93,snow
2025-03-17 23:40:24,0.76,93,snow
2025-03-17 23:49:59,0.76,100,snow
2025-03-17 23:59:26,-0.24,100,snow
2025-03-18 01:56:04,1.76,87,mist
2025-03-18 02:57:41,1.76,87,light snow
2025-03-18 03:31:43,2.76,81,broken clouds
2025-03-18 03:50:14,2.76,81,mist
2025-03-18 03:59:40,2.76,81,mist
2025-03-18 04:29:11,3.76,60,light snow
2025-03-18 04:45:26,3.76,60,snow
2025-03-18 04:54:52,3.76,60,snow
2025-03-18 05:15:52,3.76,60,snow
2025-03-18 05:33:45,5.76,52,moderate rain
2025-03-18 05:44:22,5.76,52,light snow
2025-03-18 05:53:46,5.76,52,broken clouds
2025-03-18 06:18:53,5.26,42,overcast clouds
2025-03-18 06:43:08,4.76,56,broken clouds
2025-03-18 06:53:41,4.76,56,broken clouds
2025-03-18 07:13:53,5.34,38,overcast clouds
2025-03-18 07:29:56,5.76,49,light snow
2025-03-18 07:41:13,5.76,49,light snow
2025-03-18 07:51:00,5.76,49,light snow
2025-03-18 08:10:51,5.76,49,broken clouds
2025-03-18 08:35:14,5.76,42,scattered clouds
2025-03-18 08:50:41,5.76,42,scattered clouds
2025-03-18 09:00:07,5.76,42,scattered clouds
2025-03-18 09:27:21,3.76,48,clear sky
2025-03-18 09:41:13,3.76,48,clear sky
2025-03-18 09:50:53,3.76,48,clear sky
2025-03-18 10:00:43,3.76,48,clear sky
2025-03-18 10:28:19,1.76,51,clear sky
2025-03-18 10:44:08,1.76,51,clear sky
2025-03-18 10:53:24,1.76,51,light snow
2025-03-18 11:10:45,1.76,51,light snow
2025-03-18 11:25:30,0.76,55,haze
2025-03-18 11:36:45,0.76,55,clear sky
2025-03-18 11:46:18,0.76,55,clear sky
2025-03-18 11:55:46,0.76,55,clear sky
2025-03-18 12:35:35,0.76,55,clear sky
2025-03-18 13:05:41,0.76,55,clear sky
2025-03-18 13:34:28,-0.24,55,clear sky
2025-03-18 13:46:43,-0.24,55,clear sky
2025-03-18 13:56:28,-0.24,55,clear sky
2025-03-18 14:18:41,1.34,35,overcast clouds
2025-03-18 14:38:24,0.76,51,clear sky
2025-03-18 14:48:38,0.76,51,clear sky
2025-03-18 14:58:15,0.76,51,clear sky
2025-03-18 15:25:46,-0.24,55,clear sky
2025-03-18 15:40:37,-0.24,55,clear sky
2025-03-18 15:50:09,-0.24,55,clear sky
2025-03-18 15:59:56,-0.24,55,clear sky
2025-03-18 16:32:23,-2.24,69,clear sky
2025-03-18 16:49:22,-2.24,69,clear sky
2025-03-18 16:58:57,-2.24,69,clear sky
2025-03-18 17:22:19,-3.24,74,clear sky
2025-03-18 17:37:03,-3.24,74,clear sky
2025-03-18 17:46:35,-3.24,74,clear sky
2025-03-18 17:56:11,-3.24,74,clear sky
2025-03-18 18:26:31,0.52,42,broken clouds
2025-03-18 18:47:01,-3.24,80,clear sky
2025-03-18 18:56:28,-3.24,80,clear sky
2025-03-18 19:15:12,-0.01,40,clear sky
2025-03-18 19:25:54,-3.24,86,clear sky
2025-03-18 19:37:00,-3.24,86,clear sky
2025-03-18 19:46:37,-3.24,86,clear sky
2025-03-18 19:56:19,-3.24,86,clear sky
2025-03-18 20:19:16,-0.18,36,clear sky
2025-03-18 20:34:20,-5.24,93,clear sky
2025-03-18 20:44:05,-5.24,93,clear sky
2025-03-18 20:53:25,-5.24,93,clear sky
2025-03-18 21:11:43,-5.24,93,clear sky
2025-03-18 21:27:30,-5.24,93,clear sky
2025-03-18 21:38:26,-5.24,93,clear sky
2025-03-18 21:48:10,-5.24,93,clear sky
2025-03-18 21:57:33,-5.24,93,clear sky
2025-03-18 22:20:02,-0.6,31,clear sky
2025-03-18 22:36:23,-4.24,86,clear sky
2025-03-18 22:45:48,-4.24,86,clear sky
2025-03-18 22:55:32,-4.24,86,clear sky
2025-03-18 23:16:09,-0.26,28,clear sky
2025-03-18 23:30:02,-0.24,64,clear sky
2025-03-18 23:40:17,-0.24,64,clear sky
2025-03-18 23:49:49,-0.24,64,clear sky
2025-03-18 23:59:45,-0.24,64,clear sky
2025-03-19 01:56:02,3.76,38,clear sky
2025-03-19 02:56:44,4.76,26,clear sky
2025-03-19 03:30:00,4.76,28,clear sky
2025-03-19 03:48:49,4.76,28,clear sky
2025-03-19 03:58:12,4.76,28,clear sky
2025-03-19 04:27:06,5.76,33,clear sky
2025-03-19 04:43:57,5.76,33,clear sky
2025-03-19 04:53:25,5.76,33,clear sky
2025-03-19 05:12:37,5.24,22,clear sky
2025-03-19 05:32:11,6.76,29,clear sky
2025-03-19 05:43:17,6.76,29,clear sky
2025-03-19 05:52:45,6.76,29,clear sky
2025-03-19 06:16:05,5.34,25,clear sky
2025-03-19 06:42:47,6.76,29,clear sky
2025-03-19 06:53:38,6.76,29,clear sky
2025-03-19 07:12:56,6.76,29,clear sky
2025-03-19 07:29:23,5.76,31,clear sky
2025-03-19 07:40:41,5.76,31,clear sky
2025-03-19 07:50:13,5.76,31,clear sky
2025-03-19 07:59:33,5.76,31,clear sky
2025-03-19 08:32:35,5.76,36,clear sky
2025-03-19 08:49:45,5.76,36,clear sky
2025-03-19 08:59:09,5.76,36,clear sky
2025-03-19 09:27:49,3.76,52,clear sky
2025-03-19 09:43:30,3.76,52,clear sky
2025-03-19 09:53:11,3.76,52,clear sky
2025-03-19 10:13:58,3.72,42,clear sky
2025-03-19 10:37:11,2.76,56,clear sky
2025-03-19 10:48:13,2.76,56,clear sky
2025-03-19 10:57:51,2.76,56,clear sky
2025-03-19 11:18:30,1.76,64,clear sky
2025-03-19 11:28:37,1.76,64,clear sky
2025-03-19 11:39:11,1.76,64,clear sky
2025-03-19 11:48:48,1.76,64,clear sky
2025-03-19 11:58:30,1.76,64,clear sky
2025-03-19 12:48:27,1.76,64,clear sky
2025-03-19 13:16:23,3.47,51,clear sky
2025-03-19 13:39:13,0.76,75,clear sky
2025-03-19 13:48:58,0.76,75,clear sky
2025-03-19 13:58:25,0.76,75,clear sky
2025-03-19 14:22:55,-0.24,74,clear sky
2025-03-19 14:40:32,-0.24,74,clear sky
2025-03-19 14:50:28,-0.24,74,clear sky
2025-03-19 14:59:51,-0.24,74,clear sky
2025-03-19 15:27:01,1.76,69,few clouds
2025-03-19 15:41:43,1.76,69,mist
2025-03-19 15:51:46,1.76,69,mist
2025-03-19 16:11:23,1.76,69,mist
2025-03-19 16:37:50,1.76,75,haze
2025-03-19 16:52:19,1.76,75,haze
2025-03-19 17:09:55,2.45,61,clear sky
2025-03-19 17:30:24,1.76,80,haze
2025-03-19 17:42:30,1.76,80,haze
2025-03-19 17:52:18,1.76,80,haze
2025-03-19 18:14:36,2.08,61,clear sky
2025-03-19 18:41:13,2.76,70,haze
2025-03-19 18:52:46,2.76,70,haze
2025-03-19 19:09:18,2.76,70,haze
2025-03-19 19:23:35,0.76,75,haze
2025-03-19 19:34:30,0.76,75,haze
2025-03-19 19:44:01,0.76,75,haze
2025-03-19 19:53:21,0.76,75,haze
2025-03-19 20:13:47,0.76,75,haze
2025-03-19 20:32:33,-0.24,80,haze
2025-03-19 20:43:45,-0.24,80,haze
2025-03-19 20:53:28,-0.24,80,haze
2025-03-19 21:11:31,-0.24,80,haze
2025-03-19 21:29:03,-1.24,86,few clouds
2025-03-19 21:40:19,-1.24,86,mist
2025-03-19 21:50:00,-1.24,86,mist
2025-03-19 21:59:43,-1.24,86,mist
2025-03-19 22:24:38,-0.24,86,mist
2025-03-19 22:39:08,-0.24,86,mist
2025-03-19 22:48:54,-0.24,86,mist
2025-03-19 22:58:21,-0.24,86,mist
2025-03-19 23:22:42,2.76,75,clear sky
2025-03-19 23:36:03,2.76,75,clear sky
2025-03-19 23:45:39,2.76,75,clear sky
2025-03-19 23:55:14,2.76,75,clear sky
2025-03-20 01:15:56,5.76,65,scattered clouds
2025-03-20 02:37:15,7.76,71,broken clouds
2025-03-20 03:16:58,9.3,55,clear sky
2025-03-20 03:42:37,10.76,58,scattered clouds
2025-03-20 03:53:13,10.76,58,scattered clouds
2025-03-20 04:14:51,10.76,58,scattered clouds
2025-03-20 04:35:56,12.76,54,few clouds
2025-03-20 04:47:48,12.76,54,few clouds
2025-03-20 04:57:11,12.76,54,few clouds
2025-03-20 05:19:32,11.41,49,clear sky
2025-03-20 05:35:41,13.76,51,clear sky
2025-03-20 05:45:34,13.76,51,clear sky
2025-03-20 05:55:06,13.76,51,clear sky
2025-03-20 06:22:38,11.42,48,clear sky
2025-03-20 06:43:33,14.76,44,clear sky
2025-03-20 06:53:32,14.76,44,clear sky
2025-03-20 07:12:47,11.3,49,clear sky
2025-03-20 07:27:57,13.76,47,clear sky
2025-03-20 07:38:03,13.76,47,clear sky
2025-03-20 07:47:56,13.76,47,clear sky
2025-03-20 07:57:22,13.76,47,clear sky
2025-03-20 08:27:20,11.76,58,clear sky
2025-03-20 08:44:55,11.76,58,clear sky
2025-03-20 08:54:32,11.76,58,clear sky
2025-03-20 09:16:30,11.76,58,clear sky
2025-03-20 09:33:31,9.76,66,clear sky
2025-03-20 09:43:41,9.76,66,clear sky
2025-03-20 09:53:24,9.76,66,clear sky
2025-03-20 10:13:31,8.22,68,clear sky
2025-03-20 10:37:17,8.76,76,clear sky
2025-03-20 10:48:29,8.76,76,clear sky
2025-03-20 10:58:09,8.76,76,clear sky
2025-03-20 11:18:49,7.62,73,clear sky
2025-03-20 11:28:52,8.76,71,haze
2025-03-20 11:39:33,8.76,71,haze
2025-03-20 11:49:03,8.76,71,haze
2025-03-20 11:58:29,8.76,71,haze
2025-03-20 12:46:43,6.97,79,haze
2025-03-20 13:14:41,6.97,79,clear sky
2025-03-20 13:37:01,7.76,76,haze
2025-03-20 13:47:19,7.76,76,haze
2025-03-20 13:56:42,6.53,83,haze
2025-03-20 14:19:38,6.53,83,few clouds
2025-03-20 14:39:51,6.53,83,mist
2025-03-20 14:50:29,6.21,86,mist
2025-03-20 14:59:58,6.76,87,mist
2025-03-20 15:27:37,6.21,86,mist
2025-03-20 15:42:08,6.07,87,mist
2025-03-20 15:51:52,6.07,87,mist
2025-03-20 16:12:05,6.07,87,scattered clouds
2025-03-20 16:39:07,6.07,87,mist
2025-03-20 16:53:10,6.03,87,mist
2025-03-20 17:11:19,6.03,87,scattered clouds
2025-03-20 17:30:44,7.76,87,mist
2025-03-20 17:42:30,6.01,87,mist
2025-03-20 17:51:59,6.01,87,mist
2025-03-20 18:13:36,5.87,88,scattered clouds
2025-03-20 18:40:20,5.84,88,mist
2025-03-20 18:50:30,5.84,88,mist
2025-03-20 19:00:05,6.76,100,mist
2025-03-20 19:19:25,5.84,88,broken clouds
2025-03-20 19:29:01,5.84,88,mist
2025-03-20 19:39:56,6.76,100,mist
2025-03-20 19:49:26,6.76,100,mist
2025-03-20 19:58:56,5.58,90,mist
2025-03-20 20:26:01,5.58,90,mist
2025-03-20 20:40:12,5.26,92,mist
2025-03-20 20:49:43,5.26,92,mist
2025-03-20 20:59:16,5.26,92,mist
2025-03-20 21:22:30,5.26,92,mist
2025-03-20 21:33:40,5.26,92,mist
2025-03-20 21:43:25,6.76,100,mist
2025-03-20 21:52:46,5.12,93,mist
2025-03-20 22:10:24,5.12,93,broken clouds
2025-03-20 22:31:14,6.76,100,mist
2025-03-20 22:42:55,6.03,87,mist
2025-03-20 22:52:26,6.03,87,mist
2025-03-20 23:10:38,6.03,87,scattered clouds
2025-03-20 23:28:12,6.03,87,mist
2025-03-20 23:39:48,7.45,78,mist
2025-03-20 23:49:29,7.76,93,mist
2025-03-20 23:58:52,7.76,93,mist
2025-03-21 01:56:44,10.76,58,haze
2025-03-21 02:58:30,12.41,51,haze
2025-03-21 03:32:46,14.76,51,scattered clouds
2025-03-21 03:51:47,14.76,51,haze
2025-03-21 04:11:16,14.2,44,scattered clouds
2025-03-21 04:33:59,16.76,42,clear sky
2025-03-21 04:46:24,14.76,40,clear sky
2025-03-21 04:55:51,14.76,40,clear sky
2025-03-21 05:17:05,14.87,39,scattered clouds
2025-03-21 05:34:10,14.67,36,clear sky
2025-03-21 05:43:51,16.76,42,clear sky
2025-03-21 05:53:39,18.3,33,clear sky
2025-03-21 06:19:59,18.3,33,scattered clouds
2025-03-21 06:44:47,16.76,39,clear sky
2025-03-21 06:54:59,18.35,32,clear sky
2025-03-21 07:15:12,14.2,35,clear sky
2025-03-21 07:29:35,15.76,44,clear sky
2025-03-21 07:39:36,15.76,44,clear sky
2025-03-21 07:49:00,17.91,30,clear sky
2025-03-21 07:58:25,15.76,44,clear sky
2025-03-21 08:29:19,17.48,30,clear sky
2025-03-21 08:46:03,16.28,33,clear sky
2025-03-21 08:55:31,16.26,33,clear sky
2025-03-21 09:18:07,12.23,40,clear sky
2025-03-21 09:33:34,13.76,44,clear sky
2025-03-21 09:44:12,13.76,44,clear sky
2025-03-21 09:53:38,11.65,41,clear sky
2025-03-21 10:13:53,11.82,40,clear sky
2025-03-21 10:36:00,10.31,47,clear sky
2025-03-21 10:46:30,10.31,47,clear sky
2025-03-21 10:56:02,10.31,47,clear sky
2025-03-21 11:15:21,9.89,53,clear sky
2025-03-21 11:27:45,9.89,53,clear sky
2025-03-21 11:39:29,9.15,58,clear sky
2025-03-21 11:49:06,9.15,58,clear sky
2025-03-21 11:58:27,8.76,66,clear sky
2025-03-21 12:46:33,8.68,61,clear sky
2025-03-21 13:14:16,8.68,61,clear sky
2025-03-21 13:35:41,8.68,61,clear sky
2025-03-21 13:45:27,8.18,65,clear sky
2025-03-21 13:55:03,8.18,65,clear sky
2025-03-21 14:14:54,8.18,65,clear sky
2025-03-21 14:34:01,7.8,68,clear sky
2025-03-21 14:44:46,7.8,68,clear sky
2025-03-21 14:54:20,7.8,68,clear sky
2025-03-21 15:15:08,5.76,81,clear sky
2025-03-21 15:32:32,6.76,76,clear sky
2025-03-21 15:43:36,6.76,76,clear sky
2025-03-21 15:53:24,7.56,69,clear sky
2025-03-21 16:15:45,7.56,69,clear sky
2025-03-21 16:40:51,7.41,70,clear sky
2025-03-21 16:55:04,7.41,70,clear sky
2025-03-21 17:13:58,7.41,70,clear sky
2025-03-21 17:31:19,7.15,71,clear sky
2025-03-21 17:42:18,6.76,81,clear sky
2025-03-21 17:51:40,6.76,81,clear sky
2025-03-21 18:12:07,7.15,71,clear sky
2025-03-21 18:38:56,7.08,73,clear sky
2025-03-21 18:50:10,7.08,73,clear sky
2025-03-21 18:59:38,7.08,73,clear sky
2025-03-21 19:18:27,7.08,73,clear sky
2025-03-21 19:27:46,7.08,73,clear sky
2025-03-21 19:38:26,7.08,73,clear sky
2025-03-21 19:48:15,6.91,73,clear sky
2025-03-21 19:57:46,6.91,73,clear sky
2025-03-21 20:22:50,6.91,73,mist
2025-03-21 20:35:24,6.91,73,mist
2025-03-21 20:44:41,6.81,72,mist
2025-03-21 20:54:19,6.81,72,mist
2025-03-21 21:12:52,6.81,72,clear sky
2025-03-21 21:27:47,6.81,72,mist
2025-03-21 21:38:17,6.8,70,mist
2025-03-21 21:47:55,3.76,93,mist
2025-03-21 21:57:21,6.8,70,mist
2025-03-21 22:19:47,6.8,70,clear sky
2025-03-21 22:36:26,6.8,70,mist
2025-03-21 22:45:58,7.99,64,mist
2025-03-21 22:55:38,7.99,64,mist
2025-03-21 23:15:45,7.99,64,clear sky
2025-03-21 23:29:19,7.99,64,mist
2025-03-21 23:40:07,9.72,57,mist
2025-03-21 23:49:27,9.72,57,mist
2025-03-21 23:59:04,8.76,76,mist
2025-03-22 01:53:40,15.31,43,haze
2025-03-22 02:50:52,18.24,38,haze
2025-03-22 03:20:50,18.39,36,clear sky
2025-03-22 03:45:20,20.06,34,haze
2025-03-22 03:55:00,17.76,39,haze
2025-03-22 04:18:34,20.07,34,clear sky
2025-03-22 04:39:29,18.76,37,haze
2025-03-22 04:50:56,21.52,29,haze
2025-03-22 05:00:48,21.54,29,haze
2025-03-22 05:24:25,21.63,29,clear sky
2025-03-22 05:38:31,21.86,28,clear sky
2025-03-22 05:47:47,21.86,28,clear sky
2025-03-22 05:57:11,21.86,28,clear sky
2025-03-22 06:26:59,18.76,34,clear sky
2025-03-22 06:43:58,22.23,27,clear sky
2025-03-22 06:53:36,18.76,34,clear sky
2025-03-22 07:11:47,22.32,25,clear sky
2025-03-22 07:27:15,22.16,25,clear sky
2025-03-22 07:37:33,22.16,25,clear sky
2025-03-22 07:47:08,20.37,29,clear sky
2025-03-22 07:56:40,20.37,29,clear sky
2025-03-22 08:22:32,20.53,24,clear sky
2025-03-22 08:38:33,16.76,36,clear sky
2025-03-22 08:48:15,16.76,36,clear sky
2025-03-22 08:57:51,18.57,32,clear sky
2025-03-22 09:21:21,18.61,28,clear sky
2025-03-22 09:32:33,18,32,clear sky
2025-03-22 09:42:18,14.76,41,clear sky
2025-03-22 09:51:57,16.68,38,clear sky
2025-03-22 10:09:00,16.68,38,clear sky
2025-03-22 10:32:59,16.03,38,clear sky
2025-03-22 10:45:36,12.76,47,clear sky
2025-03-22 10:55:21,11.95,44,clear sky
2025-03-22 11:13:06,11.77,42,clear sky
2025-03-22 11:25:06,11.77,42,clear sky
2025-03-22 11:35:51,11.76,54,clear sky
2025-03-22 11:45:12,10.82,58,clear sky
2025-03-22 11:54:47,10.82,58,clear sky
2025-03-22 12:27:37,10.82,61,clear sky
2025-03-22 12:57:07,10.27,64,clear sky
2025-03-22 13:22:05,10.26,64,clear sky
2025-03-22 13:33:39,10.26,64,clear sky
2025-03-22 13:43:14,9.78,66,clear sky
2025-03-22 13:52:46,9.78,66,clear sky
2025-03-22 14:10:46,10.76,62,clear sky
2025-03-22 14:29:41,9.78,66,clear sky
2025-03-22 14:40:44,9.45,67,clear sky
2025-03-22 14:50:23,9.45,67,clear sky
2025-03-22 14:59:46,9.45,67,clear sky
2025-03-22 15:22:40,9.45,67,clear sky
2025-03-22 15:33:20,6.76,81,clear sky
2025-03-22 15:42:42,9.07,68,clear sky
2025-03-22 15:52:40,9.07,68,clear sky
2025-03-22 16:12:11,9.07,68,clear sky
2025-03-22 16:33:27,8.83,69,clear sky
2025-03-22 16:45:24,8.83,69,clear sky
2025-03-22 16:54:42,8.83,69,clear sky
2025-03-22 17:11:52,6.76,76,clear sky
2025-03-22 17:27:33,4.76,93,clear sky
2025-03-22 17:37:25,8.83,69,clear sky
2025-03-22 17:47:01,8.56,70,clear sky
2025-03-22 17:56:34,8.56,70,clear sky
2025-03-22 18:24:18,8.56,70,clear sky
2025-03-22 18:41:09,8.81,69,clear sky
2025-03-22 18:50:40,4.76,93,clear sky
2025-03-22 19:00:21,8.62,70,clear sky
2025-03-22 19:19:06,8.62,70,clear sky
2025-03-22 19:28:23,8.62,70,clear sky
2025-03-22 19:38:29,4.76,87,clear sky
2025-03-22 19:48:01,8.36,69,clear sky
2025-03-22 19:57:23,8.36,69,clear sky
2025-03-22 20:20:54,3.76,100,clear sky
2025-03-22 20:32:29,8.36,69,clear sky
2025-03-22 20:42:19,8.24,69,clear sky
2025-03-22 20:51:37,3.76,100,clear sky
2025-03-22 21:07:28,8.24,69,clear sky
2025-03-22 21:24:23,3.76,93,mist
2025-03-22 21:35:12,8.24,69,mist
2025-03-22 21:44:32,8.24,68,mist
2025-03-22 21:54:07,3.76,93,mist
2025-03-22 22:11:49,8.24,68,clear sky
2025-03-22 22:30:07,8.24,68,mist
2025-03-22 22:41:53,9.23,62,mist
2025-03-22 22:51:27,9.23,62,mist
2025-03-22 23:07:31,2.76,93,mist
2025-03-22 23:25:30,9.23,62,mist
2025-03-22 23:36:22,8.76,87,mist
2025-03-22 23:46:05,11.14,52,mist
2025-03-22 23:55:28,11.14,52,mist
2025-03-23 01:24:11,13.22,41,clear sky
2025-03-23 02:47:26,20.39,29,clear sky
